setting_name,T,method,ours_mean,ours_sd,ours_count,ours_se,paper_mean,paper_se,paper_count,digitization_resolution,source,diff,combined_se,z,ci95_low,ci95_high,p_gt_minus_margin,p_lt_plus_margin,tost_p,equivalent,consistent_by_ci
Optimal,100,greedy,0.04597,0.011506150159436103,1000,0.00036385641603727627,0.0459703875930583,0.0006512103024804,1000,0.0004539409547878,arXiv:2212.09900 Figure 4 vector PDF,-3.8759305830138313e-07,0.0007459667214749634,-0.000519584918661002,-0.0014624823671492296,0.0014617071810326268,0.00040283949856745327,0.0004013305002532386,0.00040283949856745327,True,True
Optimal,100,pess_0.1,0.04064,0.017930753244409778,1000,0.0005670202041478873,0.0406401275610398,0.0006512101889952,1000,0.0004539409547878,arXiv:2212.09900 Figure 4 vector PDF,-1.275610398004945e-07,0.0008634735793080619,-0.0001477301018320845,-0.0016925357764836018,0.0016922806544040008,0.0018949784970831995,0.0018931955546005175,0.0018949784970831995,True,True
Optimal,100,pess_0.2,0.03646,0.020666288866061457,1000,0.0006535254359973265,0.036458906024769,0.0006512101889952,1000,0.0004539409547878,arXiv:2212.09900 Figure 4 vector PDF,1.0939752310007433e-06,0.0009225888606235498,0.0011857667891864191,-0.0018071801915911568,0.0018093681420531583,0.003354518435347842,0.0033785877783049857,0.0033785877783049857,True,True
Optimal,100,pess_0.5,0.03459,0.021552178460573237,1000,0.0006815397247383288,0.0345899462269488,0.0006512101889952,1000,0.0004539409547878,arXiv:2212.09900 Figure 4 vector PDF,5.377305119930176e-08,0.0009426404970334985,5.704513159420397e-05,-0.0018475216011344577,0.0018476291472368563,0.003998675896787041,0.004000027334616327,0.004000027334616327,True,True
Optimal,100,pess_1,0.03449,0.02159644198256525,1000,0.0006829394602058859,0.0344888730957786,0.0006512101889952,1000,0.0004539409547878,arXiv:2212.09900 Figure 4 vector PDF,1.1269042214032132e-06,0.0009436530170340531,0.001194193417560543,-0.0018484330091653408,0.0018506868176081472,0.004018956809898722,0.004047462310740722,0.004047462310740722,True,True
Optimal,100,pess_10,0.034390000000000004,0.021640152406953994,1000,0.000684321705191496,0.0343895735119188,0.0006516534623376,1000,0.0004539409547878,arXiv:2212.09900 Figure 4 vector PDF,4.2648808120521187e-07,0.0009449594865245699,0.0004513294879696652,-0.0018516941055069518,0.0018525470816693622,0.004071679506119752,0.0040825577444419826,0.0040825577444419826,True,True
Optimal,100,pess_2,0.034390000000000004,0.021640152406953994,1000,0.000684321705191496,0.0343895735119188,0.0006516534623376,1000,0.0004539409547878,arXiv:2212.09900 Figure 4 vector PDF,4.2648808120521187e-07,0.0009449594865245699,0.0004513294879696652,-0.0018516941055069518,0.0018525470816693622,0.004071679506119752,0.0040825577444419826,0.0040825577444419826,True,True
Optimal,100,pess_5,0.034390000000000004,0.021640152406953994,1000,0.000684321705191496,0.0343895735119188,0.0006516534623376,1000,0.0004539409547878,arXiv:2212.09900 Figure 4 vector PDF,4.2648808120521187e-07,0.0009449594865245699,0.0004513294879696652,-0.0018516941055069518,0.0018525470816693622,0.004071679506119752,0.0040825577444419826,0.0040825577444419826,True,True
Optimal,500,greedy,0.046079999999999996,0.015220554039366152,1000,0.0004813161801407317,0.0460785530977061,0.000662736090293,1000,0.0004539409547878,arXiv:2212.09900 Figure 4 vector PDF,1.4469022938945475e-06,0.000819075326598303,0.0017665069950326413,-0.0016039407378387793,0.0016068345424265684,0.0011291024255413173,0.001142471468802043,0.001142471468802043,True,True
Optimal,500,pess_0.1,0.0288,0.025294264167984786,1000,0.0007998748650881581,0.0288021990534037,0.000662736090293,1000,0.0004539409547878,arXiv:2212.09900 Figure 4 vector PDF,-2.199053403699469e-06,0.0010387583574521316,-0.0021170018878050824,-0.0020381654340098773,0.0020337673272024783,0.008095032557856596,0.0080017326610671,0.008095032557856596,True,True
Optimal,500,pess_0.2,0.01433,0.02311028310482556,1000,0.000730811319825566,0.014329284478861,0.000662736090293,1000,0.0004539409547878,arXiv:2212.09900 Figure 4 vector PDF,7.155211390000998e-07,0.0009865618635250591,0.0007252673810474382,-0.0019329457313701157,0.0019343767736481159,0.005625926907937284,0.005649263843806339,0.005649263843806339,True,True
Optimal,500,pess_0.5,0.003,0.011846532840470256,1000,0.0003746202615187015,0.0030002659980509,0.0006627359768077,1000,0.0004539409547878,arXiv:2212.09900 Figure 4 vector PDF,-2.659980508998988e-07,0.000761287931925626,-0.00034940531662845995,-0.0014923903446251267,0.001491858348523327,0.0005125255441330578,0.0005112563101486566,0.0005125255441330578,True,True
Optimal,500,pess_1,0.0016799999999999999,0.00895867500570581,1000,0.0002832981783525231,0.0016792270048293,0.000662736090293,1000,0.0004539409547878,arXiv:2212.09900 Figure 4 vector PDF,7.729951706997654e-07,0.0007207475169813001,0.0010724909243354645,-0.0014118921381126484,0.001413438128454048,0.00026052626915096244,0.0002626144306231069,0.0002626144306231069,True,True
Optimal,500,pess_10,0.00121,0.007674294416739228,1000,0.00024268249791609383,0.0012111003952043,0.0006627359768077,1000,0.0004539409547878,arXiv:2212.09900 Figure 4 vector PDF,-1.1003952043000306e-06,0.0007057717547125636,-0.001559137493038643,-0.0013844130344409246,0.0013822122440323246,0.0001995618642756103,0.00019721651526541088,0.0001995618642756103,True,True
Optimal,500,pess_2,0.00121,0.007674294416739228,1000,0.00024268249791609383,0.0012111003952043,0.0006627359768077,1000,0.0004539409547878,arXiv:2212.09900 Figure 4 vector PDF,-1.1003952043000306e-06,0.0007057717547125636,-0.001559137493038643,-0.0013844130344409246,0.0013822122440323246,0.0001995618642756103,0.00019721651526541088,0.0001995618642756103,True,True
Optimal,500,pess_5,0.00121,0.007674294416739228,1000,0.00024268249791609383,0.0012111003952043,0.0006627359768077,1000,0.0004539409547878,arXiv:2212.09900 Figure 4 vector PDF,-1.1003952043000306e-06,0.0007057717547125636,-0.001559137493038643,-0.0013844130344409246,0.0013822122440323246,0.0001995618642756103,0.00019721651526541088,0.0001995618642756103,True,True
Optimal,1000,greedy,0.04580000000000001,0.015646239318277255,1000,0.000494777530618363,0.0458019328283822,0.0006254986328603,1000,0.0004539409547878,arXiv:2212.09900 Figure 4 vector PDF,-1.932828382192331e-06,0.0007975295257950702,-0.0024235195308480433,-0.00156509069894053,0.0015612250421761452,0.0008673407804958844,0.0008531288260019087,0.0008673407804958844,True,True
Optimal,1000,pess_0.1,0.027780000000000003,0.025458195531492794,1000,0.0008050588299743812,0.027780831905131,0.0006263852930302,1000,0.0004539409547878,arXiv:2212.09900 Figure 4 vector PDF,-8.319051309976788e-07,0.0010200383595945052,-0.0008155625944580998,-0.002000107089936228,0.0019984432796742325,0.007141369522704166,0.007109082646353816,0.007141369522704166,True,True
Optimal,1000,pess_0.2,0.01046,0.020430511638375712,1000,0.0006460695053984559,0.0104619204423763,0.0006250554730032,1000,0.0004539409547878,arXiv:2212.09900 Figure 4 vector PDF,-1.9204423762995276e-06,0.0008989439082262361,-0.0021363317096045244,-0.0017638505024997224,0.0017600096177471233,0.002727125222421578,0.002691467550870204,0.002727125222421578,True,True
Optimal,1000,pess_0.5,0.00047999999999999996,0.004836630334540049,1000,0.00015294768057408712,0.0004805387171517,0.0006263852930302,1000,0.0004539409547878,arXiv:2212.09900 Figure 4 vector PDF,-5.387171517000182e-07,0.0006447879715980459,-0.0008354950393458159,-0.00126432314148387,0.0012632457071804699,5.300492288329295e-05,5.2642257274901546e-05,5.300492288329295e-05,True,True
Optimal,1000,pess_1,5e-05,0.0015811388300841914,1000,5.0000000000000057e-05,4.964979192992168e-05,0.000625055359518,1000,0.0004539409547878,arXiv:2212.09900 Figure 4 vector PDF,3.502080700783195e-07,0.0006270519934281178,0.000558499253249668,-0.0012286716990490324,0.0012293721151891892,3.339100332044875e-05,3.3548513712570134e-05,3.3548513712570134e-05,True,True
Optimal,1000,pess_10,5e-05,0.0015811388300841914,1000,5.0000000000000057e-05,4.964979192992168e-05,0.000625055359518,1000,0.0004539409547878,arXiv:2212.09900 Figure 4 vector PDF,3.502080700783195e-07,0.0006270519934281178,0.000558499253249668,-0.0012286716990490324,0.0012293721151891892,3.339100332044875e-05,3.3548513712570134e-05,3.3548513712570134e-05,True,True
Optimal,1000,pess_2,5e-05,0.0015811388300841914,1000,5.0000000000000057e-05,4.964979192992168e-05,0.000625055359518,1000,0.0004539409547878,arXiv:2212.09900 Figure 4 vector PDF,3.502080700783195e-07,0.0006270519934281178,0.000558499253249668,-0.0012286716990490324,0.0012293721151891892,3.339100332044875e-05,3.3548513712570134e-05,3.3548513712570134e-05,True,True
Optimal,1000,pess_5,5e-05,0.0015811388300841914,1000,5.0000000000000057e-05,4.964979192992168e-05,0.000625055359518,1000,0.0004539409547878,arXiv:2212.09900 Figure 4 vector PDF,3.502080700783195e-07,0.0006270519934281178,0.000558499253249668,-0.0012286716990490324,0.0012293721151891892,3.339100332044875e-05,3.3548513712570134e-05,3.3548513712570134e-05,True,True
Optimal,2000,greedy,0.045660000000000006,0.015453258659687377,1000,0.0004886749463633294,0.0456618493733804,0.0006130861848778,1000,0.0004539409547878,arXiv:2212.09900 Figure 4 vector PDF,-1.8493733803942591e-06,0.0007840139496789703,-0.0023588526468840522,-0.001538516714751176,0.0015348179679903875,0.000720376189328964,0.000708715957601423,0.000720376189328964,True,True
Optimal,2000,pess_0.1,0.02637,0.02517850386851964,1000,0.0007962142029988278,0.0263693587948966,0.0006130861848778,1000,0.0004539409547878,arXiv:2212.09900 Figure 4 vector PDF,6.412051034021538e-07,0.0010049038397503885,0.0006380760805545583,-0.0019689703208073594,0.0019702527310141637,0.006415274866875653,0.006438334683001709,0.006438334683001709,True,True
Optimal,2000,pess_0.2,0.00899,0.019345649489075165,1000,0.0006117631520075022,0.008991931619424,0.0006126429115355,1000,0.0004539409547878,arXiv:2212.09900 Figure 4 vector PDF,-1.9316194240000945e-06,0.0008657860539468447,-0.0022310586029821717,-0.0016988722851598156,0.0016950090463118154,0.001955090258234371,0.0019275547761701114,0.001955090258234371,True,True
Optimal,2000,pess_0.5,0.00013000000000000002,0.0023851181917860583,1000,7.542405974746253e-05,0.0001312170802728,0.0006126430250207,1000,0.0004539409547878,arXiv:2212.09900 Figure 4 vector PDF,-1.217080272799989e-06,0.0006172683896777016,-0.001971719746471176,-0.0012110631240410952,0.001208628963495495,2.5814193204909408e-05,2.5382820779231617e-05,2.5814193204909408e-05,True,True
Optimal,2000,pess_1,0.0,0.0,1000,0.0,0.0,0.0006130862983631,1000,0.0004539409547878,arXiv:2212.09900 Figure 4 vector PDF,0.0,0.0006130862983631,0.0,-0.0012016491447916758,0.0012016491447916758,2.2738829435930974e-05,2.2738829435920518e-05,2.2738829435930974e-05,True,True
Optimal,2000,pess_10,0.0,0.0,1000,0.0,0.0,0.0006130862983631,1000,0.0004539409547878,arXiv:2212.09900 Figure 4 vector PDF,0.0,0.0006130862983631,0.0,-0.0012016491447916758,0.0012016491447916758,2.2738829435930974e-05,2.2738829435920518e-05,2.2738829435930974e-05,True,True
Optimal,2000,pess_2,0.0,0.0,1000,0.0,0.0,0.0006130862983631,1000,0.0004539409547878,arXiv:2212.09900 Figure 4 vector PDF,0.0,0.0006130862983631,0.0,-0.0012016491447916758,0.0012016491447916758,2.2738829435930974e-05,2.2738829435920518e-05,2.2738829435930974e-05,True,True
Optimal,2000,pess_5,0.0,0.0,1000,0.0,0.0,0.0006130862983631,1000,0.0004539409547878,arXiv:2212.09900 Figure 4 vector PDF,0.0,0.0006130862983631,0.0,-0.0012016491447916758,0.0012016491447916758,2.2738829435930974e-05,2.2738829435920518e-05,2.2738829435930974e-05,True,True
Optimal,5000,greedy,0.04578,0.015499413918978733,1000,0.0004901345038168929,0.0457788812527571,0.0006139728450478,1000,0.0004539409547878,arXiv:2212.09900 Figure 4 vector PDF,1.1187472429008416e-06,0.000785617264504747,0.0014240359694820347,-0.0015386910911864033,0.001540928585672205,0.0007271909761202844,0.0007343776485360743,0.0007343776485360743,True,True
Optimal,5000,pess_0.1,0.027030000000000002,0.025367747685252275,1000,0.0008021986179386139,0.027030765292133,0.000613972958533,1000,0.0004539409547878,arXiv:2212.09900 Figure 4 vector PDF,-7.65292132998141e-07,0.0010101907821953174,-0.0007575718829417848,-0.00198073922523582,0.0019792086409698238,0.006680064427117993,0.006651787125951222,0.006680064427117993,True,True
Optimal,5000,pess_0.2,0.007940000000000001,0.018522945216663016,1000,0.000585746958591762,0.0079386469747383,0.000613972958533,1000,0.0004539409547878,arXiv:2212.09900 Figure 4 vector PDF,1.3530252617015293e-06,0.0008485648433144425,0.0015944865879862465,-0.0016618340676346057,0.0016645401181580087,0.0016005034178028232,0.0016170903750828618,0.0016170903750828618,True,True
Optimal,5000,pess_0.5,5e-05,0.0015811388300841908,1000,5.0000000000000036e-05,4.964979192992168e-05,0.0006135295717054,1000,0.0004539409547878,arXiv:2212.09900 Figure 4 vector PDF,3.502080700783195e-07,0.0006155635916434722,0.00056892265044999,-0.0012061544315511272,0.001206854847691284,2.4338742349749865e-05,2.4457674595405358e-05,2.4457674595405358e-05,True,True
Optimal,5000,pess_1,0.0,0.0,1000,0.0,0.0,0.0006139728450478,1000,0.0004539409547878,arXiv:2212.09900 Figure 4 vector PDF,0.0,0.0006139728450478,0.0,-0.001203386776293688,0.001203386776293688,2.332147565120568e-05,2.3321475651228883e-05,2.3321475651228883e-05,True,True
Optimal,5000,pess_10,0.0,0.0,1000,0.0,0.0,0.0006139728450478,1000,0.0004539409547878,arXiv:2212.09900 Figure 4 vector PDF,0.0,0.0006139728450478,0.0,-0.001203386776293688,0.001203386776293688,2.332147565120568e-05,2.3321475651228883e-05,2.3321475651228883e-05,True,True
Optimal,5000,pess_2,0.0,0.0,1000,0.0,0.0,0.0006139728450478,1000,0.0004539409547878,arXiv:2212.09900 Figure 4 vector PDF,0.0,0.0006139728450478,0.0,-0.001203386776293688,0.001203386776293688,2.332147565120568e-05,2.3321475651228883e-05,2.3321475651228883e-05,True,True
Optimal,5000,pess_5,0.0,0.0,1000,0.0,0.0,0.0006139728450478,1000,0.0004539409547878,arXiv:2212.09900 Figure 4 vector PDF,0.0,0.0006139728450478,0.0,-0.001203386776293688,0.001203386776293688,2.332147565120568e-05,2.3321475651228883e-05,2.3321475651228883e-05,True,True
Optimal,10000,greedy,0.04488,0.01596372263729361,1000,0.0005048172346903783,0.0448798652639694,0.0006059933574593,1000,0.0004539409547878,arXiv:2212.09900 Figure 4 vector PDF,1.3473603060337735e-07,0.0007887131225770467,0.000170830212844868,-0.0015457429842204082,0.001546012456281615,0.0007624803015815473,0.0007633773149074861,0.0007633773149074861,True,True
Optimal,10000,pess_0.1,0.026789999999999998,0.025283099792848485,1000,0.0007995218165473254,0.0267913822532714,0.0006059934709445,1000,0.0004539409547878,arXiv:2212.09900 Figure 4 vector PDF,-1.38225327140154e-06,0.0010032264061329813,-0.0013778079035315159,-0.0019677060092920446,0.0019649415027492415,0.00637670103597443,0.00632742059829025,0.00637670103597443,True,True
Optimal,10000,pess_0.2,0.00745,0.01790860737796823,1000,0.0005663198903607555,0.0074527885235374,0.0006059933574593,1000,0.0004539409547878,arXiv:2212.09900 Figure 4 vector PDF,-2.78852353740016e-06,0.0008294252030792247,-0.00336199518298675,-0.0016284619215726807,0.0016228848744978804,0.0013029154804403698,0.0012743554795545855,0.0013029154804403698,True,True
Optimal,10000,pess_0.5,0.0,0.0,1000,0.0,0.0,0.0006059934709445,1000,0.0004539409547878,arXiv:2212.09900 Figure 4 vector PDF,0.0,0.0006059934709445,0.0,-0.00118774720305122,0.00118774720305122,1.8499966417340197e-05,1.8499966417378235e-05,1.8499966417378235e-05,True,True
Optimal,10000,pess_1,0.0,0.0,1000,0.0,0.0,0.0006059934709445,1000,0.0004539409547878,arXiv:2212.09900 Figure 4 vector PDF,0.0,0.0006059934709445,0.0,-0.00118774720305122,0.00118774720305122,1.8499966417340197e-05,1.8499966417378235e-05,1.8499966417378235e-05,True,True
Optimal,10000,pess_10,0.0,0.0,1000,0.0,0.0,0.0006059934709445,1000,0.0004539409547878,arXiv:2212.09900 Figure 4 vector PDF,0.0,0.0006059934709445,0.0,-0.00118774720305122,0.00118774720305122,1.8499966417340197e-05,1.8499966417378235e-05,1.8499966417378235e-05,True,True
Optimal,10000,pess_2,0.0,0.0,1000,0.0,0.0,0.0006059934709445,1000,0.0004539409547878,arXiv:2212.09900 Figure 4 vector PDF,0.0,0.0006059934709445,0.0,-0.00118774720305122,0.00118774720305122,1.8499966417340197e-05,1.8499966417378235e-05,1.8499966417378235e-05,True,True
Optimal,10000,pess_5,0.0,0.0,1000,0.0,0.0,0.0006059934709445,1000,0.0004539409547878,arXiv:2212.09900 Figure 4 vector PDF,0.0,0.0006059934709445,0.0,-0.00118774720305122,0.00118774720305122,1.8499966417340197e-05,1.8499966417378235e-05,1.8499966417378235e-05,True,True
Optimal,20000,greedy,0.046299999999999994,0.014944341180973248,1000,0.0004725815626252604,0.0463019773883612,0.0006192924656117,1000,0.0004539409547878,arXiv:2212.09900 Figure 4 vector PDF,-1.977388361204535e-06,0.0007790099430024956,-0.002538335202222445,-0.001528836876646096,0.001524882099923687,0.0006714202741374686,0.0006596686117780929,0.0006714202741374686,True,True
Optimal,20000,pess_0.1,0.02822,0.02535891706431238,1000,0.0008019193691853774,0.0282205872050817,0.000619735738954,1000,0.0004539409547878,arXiv:2212.09900 Figure 4 vector PDF,-5.872050817014307e-07,0.001013482639620203,-0.0005793933302315692,-0.001987013178737299,0.001985838768573896,0.006828469683580973,0.006806409310426894,0.006828469683580973,True,True
Optimal,20000,pess_0.2,0.008029999999999999,0.018530042160299107,1000,0.0005859713836549208,0.0080290806378101,0.0006197358524393,1000,0.0004539409547878,arXiv:2212.09900 Figure 4 vector PDF,9.193621898981319e-07,0.0008528979946401141,0.001077927484500726,-0.0016707607073047255,0.0016725994316845218,0.0016825201222889774,0.0016942376880282408,0.0016942376880282408,True,True
Optimal,20000,pess_0.5,0.0,0.0,1000,0.0,0.0,0.0006192924656117,1000,0.0004539409547878,arXiv:2212.09900 Figure 4 vector PDF,0.0,0.0006192924656117,0.0,-0.001213813232598932,0.001213813232598932,2.708512437876731e-05,2.7085124378758973e-05,2.708512437876731e-05,True,True
Optimal,20000,pess_1,0.0,0.0,1000,0.0,0.0,0.0006192924656117,1000,0.0004539409547878,arXiv:2212.09900 Figure 4 vector PDF,0.0,0.0006192924656117,0.0,-0.001213813232598932,0.001213813232598932,2.708512437876731e-05,2.7085124378758973e-05,2.708512437876731e-05,True,True
Optimal,20000,pess_10,0.0,0.0,1000,0.0,0.0,0.0006192924656117,1000,0.0004539409547878,arXiv:2212.09900 Figure 4 vector PDF,0.0,0.0006192924656117,0.0,-0.001213813232598932,0.001213813232598932,2.708512437876731e-05,2.7085124378758973e-05,2.708512437876731e-05,True,True
Optimal,20000,pess_2,0.0,0.0,1000,0.0,0.0,0.0006192924656117,1000,0.0004539409547878,arXiv:2212.09900 Figure 4 vector PDF,0.0,0.0006192924656117,0.0,-0.001213813232598932,0.001213813232598932,2.708512437876731e-05,2.7085124378758973e-05,2.708512437876731e-05,True,True
Optimal,20000,pess_5,0.0,0.0,1000,0.0,0.0,0.0006192924656117,1000,0.0004539409547878,arXiv:2212.09900 Figure 4 vector PDF,0.0,0.0006192924656117,0.0,-0.001213813232598932,0.001213813232598932,2.708512437876731e-05,2.7085124378758973e-05,2.708512437876731e-05,True,True
Suboptimal,100,greedy,0.04469,0.01957772170573447,1000,0.000619101919870377,0.0446901324709786,0.000728788017257,1000,0.0004539409547878,arXiv:2212.09900 Figure 4 vector PDF,-1.3247097859631074e-07,0.0009562526660274345,-0.00013853135609716587,-0.0018743876963923677,0.0018741227544351751,0.004471397886102624,0.004467772954500549,0.004471397886102624,True,True
Suboptimal,100,pess_0.1,0.03753,0.02257229737108317,1000,0.0007137987171525374,0.037531696058341,0.0007283447439147,1000,0.0004539409547878,arXiv:2212.09900 Figure 4 vector PDF,-1.6960583410011165e-06,0.0010198012917214698,-0.0016631262921211788,-0.002000506590115082,0.0019971144734330796,0.007146881602050681,0.007081132744404706,0.007146881602050681,True,True
Suboptimal,100,pess_0.2,0.032909999999999995,0.02327173120920473,1000,0.0007359167571631139,0.0329107192221195,0.0007283447439147,1000,0.0004539409547878,arXiv:2212.09900 Figure 4 vector PDF,-7.192221195065351e-07,0.0010354030806703463,-0.0006946300749278169,-0.002030109260233385,0.002028670815994372,0.00789304340583652,0.007863000143193626,0.00789304340583652,True,True
Suboptimal,100,pess_0.5,0.03017,0.02295207829147282,1000,0.0007258084443556012,0.0301728878385552,0.00072745819723,1000,0.0004539409547878,arXiv:2212.09900 Figure 4 vector PDF,-2.887838555201e-06,0.0010276153592736045,-0.002810232962304437,-0.002017013942731466,0.002011238265621064,0.007549272805098761,0.007433000048535628,0.007549272805098761,True,True
Suboptimal,100,pess_1,0.02985,0.022812231322207353,1000,0.0007213860948880968,0.0298501639640402,0.000728788017257,1000,0.0004539409547878,arXiv:2212.09900 Figure 4 vector PDF,-1.6396404019930477e-07,0.0010254413059728419,-0.0001598960752256329,-0.002010028923746969,0.0020097009956665706,0.00738817020736926,0.007381637167690275,0.00738817020736926,True,True
Suboptimal,100,pess_10,0.02979,0.022789806389596108,1000,0.0007206769562538236,0.0297916482513224,0.0007287879037718,1000,0.0004539409547878,arXiv:2212.09900 Figure 4 vector PDF,-1.6482513224003181e-06,0.0010249424783661618,-0.00160814031732567,-0.0020105355089200774,0.002007239006275277,0.007393520481477012,0.007328004727565184,0.007393520481477012,True,True
Suboptimal,100,pess_2,0.02982,0.022801041368487707,1000,0.0007210322374814373,0.0298182464676272,0.0007274580837447,1000,0.0004539409547878,arXiv:2212.09900 Figure 4 vector PDF,1.753532372798794e-06,0.001024247407169283,0.001712020319040923,-0.0020057713856789956,0.002009278450424593,0.0072923880220953086,0.007361854745162841,0.007361854745162841,True,True
Suboptimal,100,pess_5,0.02979,0.022789806389596108,1000,0.0007206769562538236,0.0297916482513224,0.0007287879037718,1000,0.0004539409547878,arXiv:2212.09900 Figure 4 vector PDF,-1.6482513224003181e-06,0.0010249424783661618,-0.00160814031732567,-0.0020105355089200774,0.002007239006275277,0.007393520481477012,0.007328004727565184,0.007393520481477012,True,True
Suboptimal,500,greedy,0.03789,0.02256894453130799,1000,0.0007136926910493457,0.0378898840699488,0.0005004876063508,1000,0.0004539409547878,arXiv:2212.09900 Figure 4 vector PDF,1.1593005119769906e-07,0.0008716909437226075,0.0001329944426204693,-0.001708398319645113,0.0017086301797475084,0.00206458170764523,0.0020663181452902405,0.0020663181452902405,True,True
Suboptimal,500,pess_0.1,0.02553,0.022707592006523603,1000,0.0007180771091844766,0.0255288589727677,0.000500487719836,1000,0.0004539409547878,arXiv:2212.09900 Figure 4 vector PDF,1.1410272322993908e-06,0.0008752843494781413,0.0013036074882176172,-0.0017144162977448577,0.0017166983522094565,0.0021348402129728328,0.0021524441090119803,0.0021524441090119803,True,True
Suboptimal,500,pess_0.2,0.01776,0.018113820980414662,1000,0.0005728093142665458,0.0177622129494442,0.0005004876063508,1000,0.0004539409547878,arXiv:2212.09900 Figure 4 vector PDF,-2.212949444198309e-06,0.000760656528678525,-0.002909262407887074,-0.0014930997456541072,0.0014886738467657105,0.0005122237076089498,0.0005017497272367479,0.0005122237076089498,True,True
Suboptimal,500,pess_0.5,0.01116,0.007218483670862359,1000,0.00022826849652658274,0.0111623368095034,0.0005004876063508,1000,0.0004539409547878,arXiv:2212.09900 Figure 4 vector PDF,-2.3368095034004277e-06,0.0005500857666012272,-0.004248082108793132,-0.0010805049120418057,0.0010758312930350049,2.8060787713446445e-06,2.695149971491777e-06,2.8060787713446445e-06,True,True
Suboptimal,500,pess_1,0.01048,0.004815889615926928,1000,0.00015229180146282602,0.0104814253773216,0.0004996009461809,1000,0.0004539409547878,arXiv:2212.09900 Figure 4 vector PDF,-1.4253773216003907e-06,0.0005222967530223056,-0.0027290564479912002,-0.0010251270132453194,0.0010222762586021186,8.599656541319334e-07,8.36904086186491e-07,8.599656541319334e-07,True,True
Suboptimal,500,pess_10,0.01038,0.004274795185020433,1000,0.00013518089315385468,0.0103803527000924,0.0004991576728385,1000,0.0004539409547878,arXiv:2212.09900 Figure 4 vector PDF,-3.5270009239932176e-07,0.0005171385271157245,-0.0006820224638192447,-0.0010139442132392194,0.0010132388130544207,6.703869279700569e-07,6.658063462304265e-07,6.703869279700569e-07,True,True
Suboptimal,500,pess_2,0.01038,0.004274795185020433,1000,0.00013518089315385468,0.0103803527000924,0.0004991576728385,1000,0.0004539409547878,arXiv:2212.09900 Figure 4 vector PDF,-3.5270009239932176e-07,0.0005171385271157245,-0.0006820224638192447,-0.0010139442132392194,0.0010132388130544207,6.703869279700569e-07,6.658063462304265e-07,6.703869279700569e-07,True,True
Suboptimal,500,pess_5,0.01038,0.004274795185020433,1000,0.00013518089315385468,0.0103803527000924,0.0004991576728385,1000,0.0004539409547878,arXiv:2212.09900 Figure 4 vector PDF,-3.5270009239932176e-07,0.0005171385271157245,-0.0006820224638192447,-0.0010139442132392194,0.0010132388130544207,6.703869279700569e-07,6.658063462304265e-07,6.703869279700569e-07,True,True
Suboptimal,1000,greedy,0.03989,0.021423044761350974,1000,0.0006774561586160742,0.0398918344953522,0.0004831988111467,1000,0.0004539409547878,arXiv:2212.09900 Figure 4 vector PDF,-1.8344953521959306e-06,0.0008321225498329147,-0.0022045975710720572,-0.0016327946930247087,0.0016291257023203169,0.0013403537060709958,0.0013210671091118376,0.0013403537060709958,True,True
Suboptimal,1000,pess_0.1,0.02648,0.022336259948982248,1000,0.0007063345584838027,0.0264828440335935,0.0004836421979743,1000,0.0004539409547878,arXiv:2212.09900 Figure 4 vector PDF,-2.844033593501355e-06,0.0008560480618341008,-0.0033222826150764878,-0.0016806982347883387,0.001675010167601336,0.001766656876461492,0.0017293838023475752,0.001766656876461492,True,True
Suboptimal,1000,pess_0.2,0.015700000000000002,0.01564463980904498,1000,0.0004947269496952384,0.015701746357382,0.0004836421979743,1000,0.0004539409547878,arXiv:2212.09900 Figure 4 vector PDF,-1.7463573819993805e-06,0.0006918558595662589,-0.0025241636069891988,-0.0013577838421318668,0.001354291127367868,0.00015254152223698192,0.00014959888610145033,0.00015254152223698192,True,True
Suboptimal,1000,pess_0.5,0.01009,0.0022576529841844594,1000,7.139325596298991e-05,0.0100895467759314,0.0004836421979743,1000,0.0004539409547878,arXiv:2212.09900 Figure 4 vector PDF,4.5322406859969744e-07,0.0004888831891755013,0.0009270600393604396,-0.0009577578267153828,0.0009586642748525822,1.5718405921294476e-07,1.5873528054297486e-07,1.5873528054297486e-07,True,True
Suboptimal,1000,pess_1,0.01,0.0,1000,0.0,0.0099991131128595,0.0004836421979743,1000,0.0004539409547878,arXiv:2212.09900 Figure 4 vector PDF,8.868871405002393e-07,0.0004836421979743,0.0018337670786686962,-0.0009470518208891277,0.0009488255951701282,1.1645696929019067e-07,1.1876467522936492e-07,1.1876467522936492e-07,True,True
Suboptimal,1000,pess_10,0.01,0.0,1000,0.0,0.0099991131128595,0.0004836421979743,1000,0.0004539409547878,arXiv:2212.09900 Figure 4 vector PDF,8.868871405002393e-07,0.0004836421979743,0.0018337670786686962,-0.0009470518208891277,0.0009488255951701282,1.1645696929019067e-07,1.1876467522936492e-07,1.1876467522936492e-07,True,True
Suboptimal,1000,pess_2,0.01,0.0,1000,0.0,0.0099991131128595,0.0004836421979743,1000,0.0004539409547878,arXiv:2212.09900 Figure 4 vector PDF,8.868871405002393e-07,0.0004836421979743,0.0018337670786686962,-0.0009470518208891277,0.0009488255951701282,1.1645696929019067e-07,1.1876467522936492e-07,1.1876467522936492e-07,True,True
Suboptimal,1000,pess_5,0.01,0.0,1000,0.0,0.0099991131128595,0.0004836421979743,1000,0.0004539409547878,arXiv:2212.09900 Figure 4 vector PDF,8.868871405002393e-07,0.0004836421979743,0.0018337670786686962,-0.0009470518208891277,0.0009488255951701282,1.1645696929019067e-07,1.1876467522936492e-07,1.1876467522936492e-07,True,True
Suboptimal,2000,greedy,0.039060000000000004,0.021595897359979795,1000,0.0006829222377275339,0.0390602005940112,0.0004676833362826,1000,0.0004539409547878,arXiv:2212.09900 Figure 4 vector PDF,-2.005940111932114e-07,0.0008277140120954858,-0.00024234700423323354,-0.0016225200577183452,0.0016221188696959588,0.0012633537995416777,0.001261333448579526,0.0012633537995416777,True,True
Suboptimal,2000,pess_0.1,0.02401,0.02172767801657581,1000,0.0006870895079914928,0.0240127669985652,0.0004685698829673,1000,0.0004539409547878,arXiv:2212.09900 Figure 4 vector PDF,-2.7669985652005458e-06,0.000831654812537017,-0.003327099805698998,-0.0016328104311377537,0.0016272764340073526,0.0013378583089114215,0.0013088988522643235,0.0013378583089114215,True,True
Suboptimal,2000,pess_0.2,0.014950000000000001,0.015093883705836779,1000,0.00047731051248147153,0.0149516801983249,0.0004690132697949,1000,0.0004539409547878,arXiv:2212.09900 Figure 4 vector PDF,-1.6801983248986019e-06,0.0006691776838546162,-0.0025108403424637174,-0.0013132684586799465,0.0013099080620301493,9.444947262948755e-05,9.258306776310458e-05,9.444947262948755e-05,True,True
Suboptimal,2000,pess_0.5,0.01001,0.0010492859481576033,1000,3.318133512987385e-05,0.0100079794875885,0.0004685698829673,1000,0.0004539409547878,arXiv:2212.09900 Figure 4 vector PDF,2.02051241150053e-06,0.00046974326629020474,0.004301312134727375,-0.0009186762895173008,0.0009227173143403018,5.010094483726135e-08,5.252776836920495e-08,5.252776836920495e-08,True,True
Suboptimal,2000,pess_1,0.01,0.0,1000,0.0,0.0099991131128595,0.0004685698829673,1000,0.0004539409547878,arXiv:2212.09900 Figure 4 vector PDF,8.868871405002393e-07,0.0004685698829673,0.0018927531895218549,-0.0009175100834754076,0.0009192838577564081,4.7176625717071374e-08,4.8171249990131936e-08,4.8171249990131936e-08,True,True
Suboptimal,2000,pess_10,0.01,0.0,1000,0.0,0.0099991131128595,0.0004685698829673,1000,0.0004539409547878,arXiv:2212.09900 Figure 4 vector PDF,8.868871405002393e-07,0.0004685698829673,0.0018927531895218549,-0.0009175100834754076,0.0009192838577564081,4.7176625717071374e-08,4.8171249990131936e-08,4.8171249990131936e-08,True,True
Suboptimal,2000,pess_2,0.01,0.0,1000,0.0,0.0099991131128595,0.0004685698829673,1000,0.0004539409547878,arXiv:2212.09900 Figure 4 vector PDF,8.868871405002393e-07,0.0004685698829673,0.0018927531895218549,-0.0009175100834754076,0.0009192838577564081,4.7176625717071374e-08,4.8171249990131936e-08,4.8171249990131936e-08,True,True
Suboptimal,2000,pess_5,0.01,0.0,1000,0.0,0.0099991131128595,0.0004685698829673,1000,0.0004539409547878,arXiv:2212.09900 Figure 4 vector PDF,8.868871405002393e-07,0.0004685698829673,0.0018927531895218549,-0.0009175100834754076,0.0009192838577564081,4.7176625717071374e-08,4.8171249990131936e-08,4.8171249990131936e-08,True,True
Suboptimal,5000,greedy,0.039630000000000006,0.021854993496698675,1000,0.0006911155769773543,0.0396329460676042,0.0004778791905828,1000,0.0004539409547878,arXiv:2212.09900 Figure 4 vector PDF,-2.946067604196745e-06,0.0008402435727411508,-0.0035062066521802764,-0.0016498234701768522,0.0016439313349684587,0.0014801936166314311,0.001446737748568533,0.0014801936166314311,True,True
Suboptimal,5000,pess_0.1,0.02525,0.02209129976994394,1000,0.0006985882374657658,0.0252522387034438,0.0004774359172405,1000,0.0004539409547878,arXiv:2212.09900 Figure 4 vector PDF,-2.238703443797896e-06,0.0008461504479682101,-0.002645751059014985,-0.0016606935814614896,0.0016562161745738938,0.001579066805585616,0.0015522179433783928,0.001579066805585616,True,True
Suboptimal,5000,pess_0.2,0.015130000000000001,0.014940090572225676,1000,0.00047244714657441474,0.0151290008837889,0.0004778793040681,1000,0.0004539409547878,arXiv:2212.09900 Figure 4 vector PDF,9.991162111012974e-07,0.0006719932555933266,0.0014867949979931604,-0.0013161076647518189,0.0013181058971740215,9.891863526978462e-05,0.0001000902311307159,0.0001000902311307159,True,True
Suboptimal,5000,pess_0.5,0.01007,0.0018161493326261477,1000,5.743168462093378e-05,0.0100718149343555,0.0004778791905828,1000,0.0004539409547878,arXiv:2212.09900 Figure 4 vector PDF,-1.8149343554985098e-06,0.00048131789826524266,-0.0037707601608829916,-0.0009451980149553741,0.0009415681462443771,1.0497685343224816e-07,1.0080707265330441e-07,1.0497685343224816e-07,True,True
Suboptimal,5000,pess_1,0.01,0.0,1000,0.0,0.0099991131128595,0.0004774360307257,1000,0.0004539409547878,arXiv:2212.09900 Figure 4 vector PDF,8.868871405002393e-07,0.0004774360307257,0.0018576041258389652,-0.0009348877330818717,0.0009366615073628722,8.109219196139605e-08,8.274022802942434e-08,8.274022802942434e-08,True,True
Suboptimal,5000,pess_10,0.01,0.0,1000,0.0,0.0099991131128595,0.0004774360307257,1000,0.0004539409547878,arXiv:2212.09900 Figure 4 vector PDF,8.868871405002393e-07,0.0004774360307257,0.0018576041258389652,-0.0009348877330818717,0.0009366615073628722,8.109219196139605e-08,8.274022802942434e-08,8.274022802942434e-08,True,True
Suboptimal,5000,pess_2,0.01,0.0,1000,0.0,0.0099991131128595,0.0004774360307257,1000,0.0004539409547878,arXiv:2212.09900 Figure 4 vector PDF,8.868871405002393e-07,0.0004774360307257,0.0018576041258389652,-0.0009348877330818717,0.0009366615073628722,8.109219196139605e-08,8.274022802942434e-08,8.274022802942434e-08,True,True
Suboptimal,5000,pess_5,0.01,0.0,1000,0.0,0.0099991131128595,0.0004774360307257,1000,0.0004539409547878,arXiv:2212.09900 Figure 4 vector PDF,8.868871405002393e-07,0.0004774360307257,0.0018576041258389652,-0.0009348877330818717,0.0009366615073628722,8.109219196139605e-08,8.274022802942434e-08,8.274022802942434e-08,True,True
Suboptimal,10000,greedy,0.03817,0.022433331325381747,1000,0.000709404224934102,0.0381718236193808,0.0004698998164796,1000,0.0004539409547878,arXiv:2212.09900 Figure 4 vector PDF,-1.8236193807946721e-06,0.0008509172650040165,-0.0021431218472057496,-0.001669621458788667,0.0016659742200270777,0.001663106779495993,0.00164027179386318,0.001663106779495993,True,True
Suboptimal,10000,pess_0.1,0.025150000000000002,0.022384784532770884,1000,0.0007078690405566404,0.025152939119584,0.0004694565431372,1000,0.0004539409547878,arXiv:2212.09900 Figure 4 vector PDF,-2.9391195839993667e-06,0.0008493927386509189,-0.0034602598424228795,-0.0016677488873398003,0.0016618706481718016,0.0016420203217267781,0.0016057181847128526,0.0016420203217267781,True,True
Suboptimal,10000,pess_0.2,0.013640000000000001,0.013760077751951105,1000,0.0004351318647717491,0.0136395071258913,0.0004698998164796,1000,0.0004539409547878,arXiv:2212.09900 Figure 4 vector PDF,4.928741087015936e-07,0.0006404260904017742,0.0007696034188619437,-0.0012547422630787759,0.001255728011296179,4.7225680723683716e-05,4.75271278985689e-05,4.75271278985689e-05,True,True
Suboptimal,10000,pess_0.5,0.01002,0.001342162956351204,1000,4.24429193317496e-05,0.0100221651424256,0.0004698998164796,1000,0.0004539409547878,arXiv:2212.09900 Figure 4 vector PDF,-2.16514242560098e-06,0.00047181271594665944,-0.004588987012053653,-0.0009269180656810535,0.0009225877808298515,5.979424955171453e-08,5.686339003816544e-08,5.979424955171453e-08,True,True
Suboptimal,10000,pess_1,0.01,0.0,1000,0.0,0.0099991131128595,0.0004698998164796,1000,0.0004539409547878,arXiv:2212.09900 Figure 4 vector PDF,8.868871405002393e-07,0.0004698998164796,0.0018873962265927853,-0.0009201167531595158,0.0009218905274405163,5.1268231660017705e-08,5.234313210711853e-08,5.234313210711853e-08,True,True
Suboptimal,10000,pess_10,0.01,0.0,1000,0.0,0.0099991131128595,0.0004698998164796,1000,0.0004539409547878,arXiv:2212.09900 Figure 4 vector PDF,8.868871405002393e-07,0.0004698998164796,0.0018873962265927853,-0.0009201167531595158,0.0009218905274405163,5.1268231660017705e-08,5.234313210711853e-08,5.234313210711853e-08,True,True
Suboptimal,10000,pess_2,0.01,0.0,1000,0.0,0.0099991131128595,0.0004698998164796,1000,0.0004539409547878,arXiv:2212.09900 Figure 4 vector PDF,8.868871405002393e-07,0.0004698998164796,0.0018873962265927853,-0.0009201167531595158,0.0009218905274405163,5.1268231660017705e-08,5.234313210711853e-08,5.234313210711853e-08,True,True
Suboptimal,10000,pess_5,0.01,0.0,1000,0.0,0.0099991131128595,0.0004698998164796,1000,0.0004539409547878,arXiv:2212.09900 Figure 4 vector PDF,8.868871405002393e-07,0.0004698998164796,0.0018873962265927853,-0.0009201167531595158,0.0009218905274405163,5.1268231660017705e-08,5.234313210711853e-08,5.234313210711853e-08,True,True
Suboptimal,20000,greedy,0.03995,0.02204957332203241,1000,0.0006972687313250777,0.03995035020807,0.0004858586781713,1000,0.0004539409547878,arXiv:2212.09900 Figure 4 vector PDF,-3.5020807000185616e-07,0.0008498484210952246,-0.0004120829801043023,-0.001666053113416642,0.0016653526972766383,0.0016342472970004573,0.0016299040117065393,0.0016342472970004573,True,True
Suboptimal,20000,pess_0.1,0.02586,0.022671002941519244,1000,0.0007169200613557792,0.0258604487680706,0.0004845288581443,1000,0.0004539409547878,arXiv:2212.09900 Figure 4 vector PDF,-4.4876807060029167e-07,0.000865299132525275,-0.0005186276672791919,-0.0016964350678201393,0.0016955375316789387,0.001934462464153519,0.0019280916250887141,0.001934462464153519,True,True
Suboptimal,20000,pess_0.2,0.014410000000000001,0.0150558486502282,1000,0.00047610773841492884,0.0144126253145144,0.000484528744659,1000,0.0004539409547878,arXiv:2212.09900 Figure 4 vector PDF,-2.6253145143997902e-06,0.0006792986699379035,-0.003864742609667964,-0.0013340507075926906,0.001328800078563891,0.00011827354025362169,0.00011474208431559734,0.00011827354025362169,True,True
Suboptimal,20000,pess_0.5,0.00999,0.00031622776601683783,1000,9.999999999999997e-06,0.0099902471920716,0.000484528744659,1000,0.0004539409547878,arXiv:2212.09900 Figure 4 vector PDF,-2.4719207160003864e-07,0.0004846319267246293,-0.0005100614672060073,-0.0009501257684518734,0.0009496313843086734,1.247714846996928e-07,1.2409364450319142e-07,1.247714846996928e-07,True,True
Suboptimal,20000,pess_1,0.01,0.0,1000,0.0,0.0099991131128595,0.0004845288581443,1000,0.0004539409547878,arXiv:2212.09900 Figure 4 vector PDF,8.868871405002393e-07,0.0004845288581443,0.0018304113895236988,-0.0009487896748223277,0.0009505634491033282,1.225013511740869e-07,1.2492015464307198e-07,1.2492015464307198e-07,True,True
Suboptimal,20000,pess_10,0.01,0.0,1000,0.0,0.0099991131128595,0.0004845288581443,1000,0.0004539409547878,arXiv:2212.09900 Figure 4 vector PDF,8.868871405002393e-07,0.0004845288581443,0.0018304113895236988,-0.0009487896748223277,0.0009505634491033282,1.225013511740869e-07,1.2492015464307198e-07,1.2492015464307198e-07,True,True
Suboptimal,20000,pess_2,0.01,0.0,1000,0.0,0.0099991131128595,0.0004845288581443,1000,0.0004539409547878,arXiv:2212.09900 Figure 4 vector PDF,8.868871405002393e-07,0.0004845288581443,0.0018304113895236988,-0.0009487896748223277,0.0009505634491033282,1.225013511740869e-07,1.2492015464307198e-07,1.2492015464307198e-07,True,True
Suboptimal,20000,pess_5,0.01,0.0,1000,0.0,0.0099991131128595,0.0004845288581443,1000,0.0004539409547878,arXiv:2212.09900 Figure 4 vector PDF,8.868871405002393e-07,0.0004845288581443,0.0018304113895236988,-0.0009487896748223277,0.0009505634491033282,1.225013511740869e-07,1.2492015464307198e-07,1.2492015464307198e-07,True,True
Uniform,100,greedy,0.03105,0.02227765234026679,1000,0.0007044812231662348,0.0310488517977769,0.0006933238801642,1000,0.0004539409547878,arXiv:2212.09900 Figure 4 vector PDF,1.1482022231022737e-06,0.0009884289537441405,0.0011616436555737433,-0.001936172547115413,0.0019384689515616175,0.005696174809068144,0.00573400877193675,0.00573400877193675,True,True
Uniform,100,pess_0.1,0.03129,0.021925250662572057,1000,0.0006933373036384357,0.031290007930008,0.0006933238801642,1000,0.0004539409547878,arXiv:2212.09900 Figure 4 vector PDF,-7.930008004419786e-09,0.0009805175263209519,-8.087573951048442e-06,-0.00192182228159707,0.0019218064215810612,0.005391310272555239,0.005391060169240878,0.005391310272555239,True,True
Uniform,100,pess_0.2,0.0313,0.02197254634294335,1000,0.0006948329243730418,0.0312988743047369,0.0006933238801642,1000,0.0004539409547878,arXiv:2212.09900 Figure 4 vector PDF,1.1256952631016892e-06,0.0009815756698282284,0.001146824740774882,-0.001922762617600226,0.0019250140081264293,0.005416002215654858,0.005451716390887197,0.005451716390887197,True,True
Uniform,100,pess_0.5,0.031,0.0217041717434937,1000,0.0006863461743690791,0.030999202005847,0.0006933238801642,1000,0.0004539409547878,arXiv:2212.09900 Figure 4 vector PDF,7.979941529998036e-07,0.000975586528134236,0.0008179634814411905,-0.0019113516009901027,0.0019129475892961023,0.005182941651675543,0.005207417026235165,0.005207417026235165,True,True
Uniform,100,pess_1,0.03173,0.021853711004877062,1000,0.000691075021024986,0.0317297632299587,0.0006924373334795,1000,0.0004539409547878,arXiv:2212.09900 Figure 4 vector PDF,2.3677004130223667e-07,0.000978291441995117,0.00024202403408474105,-0.001917214456269127,0.0019176879963517315,0.005298452297221479,0.005305826720723992,0.005305826720723992,True,True
Uniform,100,pess_10,0.03351,0.02177278011540911,1000,0.0006885157615871654,0.0335082898186479,0.0006933238801642,1000,0.0004539409547878,arXiv:2212.09900 Figure 4 vector PDF,1.7101813520950526e-06,0.00097711409608085,0.0017502371104403207,-0.0019134334469663708,0.001916853809670561,0.005229015609314103,0.005281926891668313,0.005281926891668313,True,True
Uniform,100,pess_2,0.03234,0.021776101547306366,1000,0.00068862079448605,0.0323432930286346,0.0006933238801642,1000,0.0004539409547878,arXiv:2212.09900 Figure 4 vector PDF,-3.293028634596129e-06,0.000977188109528836,-0.003369902480888665,-0.0019185817233111147,0.0019119956660419225,0.0053095248989577515,0.005207598335100186,0.0053095248989577515,True,True
Uniform,100,pess_5,0.03297,0.021976397840912463,1000,0.0006949547194329009,0.0329692349348374,0.0006933238801642,1000,0.0004539409547878,arXiv:2212.09900 Figure 4 vector PDF,7.650651625973337e-07,0.0009816618892816427,0.0007793570993748067,-0.0019232922378294222,0.001924822368154617,0.005425187224541661,0.0054494716151562116,0.0054494716151562116,True,True
Uniform,500,greedy,0.03138,0.021743237301937543,1000,0.0006875815357965688,0.0313804415930799,0.0006888909197702,1000,0.0004539409547878,arXiv:2212.09900 Figure 4 vector PDF,-4.415930799014922e-07,0.0009733134478215127,-0.0004537007896992214,-0.0019081359508100664,0.0019072527646502634,0.005113001698382802,0.005099632767180676,0.005113001698382802,True,True
Uniform,500,pess_0.1,0.03145,0.02173176867559954,1000,0.000687218865987954,0.0314531429606349,0.0006884475329426,1000,0.0004539409547878,arXiv:2212.09900 Figure 4 vector PDF,-3.142960634902603e-06,0.0009727434273149943,-0.003231027367183482,-0.0019097200781722915,0.0019034341569024863,0.005131797481452871,0.005036957284221954,0.005131797481452871,True,True
Uniform,500,pess_0.2,0.03177,0.021624863808466763,1000,0.0006838382372569815,0.0317705471011007,0.0006880042596003,1000,0.0004539409547878,arXiv:2212.09900 Figure 4 vector PDF,-5.471011007007753e-07,0.0009700436051863302,-0.0005639963995182317,-0.0019018325672659079,0.0019007383650645063,0.00498829357749786,0.004972040743805583,0.00498829357749786,True,True
Uniform,500,pess_0.5,0.03191,0.021686913616792557,1000,0.0006858004244838453,0.0319106305561025,0.0006888909197702,1000,0.0004539409547878,arXiv:2212.09900 Figure 4 vector PDF,-6.305561024988471e-07,0.0009720560279963571,-0.0006486828787004963,-0.0019058603709753586,0.001904599258770361,0.005067053203989369,0.005048101384270282,0.005067053203989369,True,True
Uniform,500,pess_1,0.03162,0.021703609069614355,1000,0.000686328381058693,0.0316215977253109,0.0006875609862579,1000,0.0004539409547878,arXiv:2212.09900 Figure 4 vector PDF,-1.5977253109006329e-06,0.0009714868792066019,-0.0016446185173447428,-0.0019057120085558402,0.001902516557934039,0.005059583901850906,0.005011720766317019,0.005059583901850906,True,True
Uniform,500,pess_10,0.033960000000000004,0.021780559974270475,1000,0.0006887617823259309,0.033958684132756,0.0006888909197702,1000,0.0004539409547878,arXiv:2212.09900 Figure 4 vector PDF,1.315867244007507e-06,0.0009741475720519069,0.0013507884038922511,-0.00190801337397773,0.001910645108465745,0.005118828917627716,0.005158857246670127,0.005158857246670127,True,True
Uniform,500,pess_2,0.0314,0.021975507341650213,1000,0.0006949265593736668,0.0314034931687049,0.000688890806285,1000,0.0004539409547878,arXiv:2212.09900 Figure 4 vector PDF,-3.493168704904459e-06,0.000978515950767753,-0.0035698638352943406,-0.0019213844322097005,0.0019143980947998916,0.005365794724334405,0.005256857338384794,0.005365794724334405,True,True
Uniform,500,pess_5,0.033299999999999996,0.0218675144492507,1000,0.0006915115242627473,0.0333008247301403,0.000688890806285,1000,0.0004539409547878,arXiv:2212.09900 Figure 4 vector PDF,-8.247301403058183e-07,0.0009760936077918887,-0.0008449293528020497,-0.0019139682014124076,0.001912318741131796,0.005227815566603566,0.0052024469364729455,0.005227815566603566,True,True
Uniform,1000,greedy,0.03073,0.022110087199193877,1000,0.0006991823481438565,0.0307314481112521,0.0006990867740705,1000,0.0004539409547878,arXiv:2212.09900 Figure 4 vector PDF,-1.448111252098927e-06,0.0009887255805511735,-0.0014646240378363277,-0.001939350249132399,0.0019364540266282012,0.005751373702661877,0.005703580211447842,0.005751373702661877,True,True
Uniform,1000,pess_0.1,0.030719999999999997,0.02206282775095632,1000,0.0006976878731699215,0.0307225817365232,0.0006990867740705,1000,0.0004539409547878,arXiv:2212.09900 Figure 4 vector PDF,-2.5817365232015665e-06,0.0009876693201920706,-0.0026139685322001294,-0.00193841360409966,0.0019332501310532569,0.005725962205427981,0.005641244579193154,0.005725962205427981,True,True
Uniform,1000,pess_0.2,0.030740000000000003,0.022157241329717543,1000,0.000700673492679253,0.03074031403204,0.0006990867740705,1000,0.0004539409547878,arXiv:2212.09900 Figure 4 vector PDF,-3.140320399969143e-07,0.0009897806125721202,-0.00031727438990833173,-0.0019402840326813524,0.0019396559686013586,0.005776771611609055,0.005766347600045041,0.005776771611609055,True,True
Uniform,1000,pess_0.5,0.03089,0.02211780045793652,1000,0.0006994262628019461,0.0308892634078298,0.0006990867740705,1000,0.0004539409547878,arXiv:2212.09900 Figure 4 vector PDF,7.365921701994738e-07,0.0009888980810869215,0.0007448615628719471,-0.0019375036467601666,0.0019389768311005656,0.005722477898425393,0.005746811244939353,0.005746811244939353,True,True
Uniform,1000,pess_1,0.03068,0.022055022648458655,1000,0.0006974410541572845,0.0306817978653812,0.0006990868875557,1000,0.0004539409547878,arXiv:2212.09900 Figure 4 vector PDF,-1.797865381202024e-06,0.0009874950634693523,-0.00182063227221168,-0.0019372881897811326,0.0019336924590187285,0.005705766709385385,0.00564682764680222,0.005705766709385385,True,True
Uniform,1000,pess_10,0.03304,0.0220963039137012,1000,0.0006987464823858844,0.0330419363023924,0.0006990867740705,1000,0.0004539409547878,arXiv:2212.09900 Figure 4 vector PDF,-1.936302392396838e-06,0.0009884174038972326,-0.0019589926125968527,-0.0019392344140309727,0.001935361809246179,0.005746560985783411,0.0056827625230713484,0.005746560985783411,True,True
Uniform,1000,pess_2,0.03105,0.02200640319956403,1000,0.0006959035721863928,0.0310488517977769,0.0006990867740705,1000,0.0004539409547878,arXiv:2212.09900 Figure 4 vector PDF,1.1482022231022737e-06,0.0009864097016260942,0.001164021624290054,-0.0019322148129640422,0.0019345112174102468,0.0056126175517675625,0.00565003522982867,0.00565003522982867,True,True
Uniform,1000,pess_5,0.031760000000000004,0.022271021494273638,1000,0.0007042715374047132,0.0317616811803127,0.0006990867740705,1000,0.0004539409547878,arXiv:2212.09900 Figure 4 vector PDF,-1.6811803126987046e-06,0.0009923309508821623,-0.0016941730087166676,-0.0019466498440417368,0.0019432874834163394,0.005907424682089046,0.005850843719895744,0.005907424682089046,True,True
Uniform,2000,greedy,0.02961,0.02220001668334375,1000,0.0007020261681310326,0.0296090078318092,0.0006977568405582,1000,0.0004539409547878,arXiv:2212.09900 Figure 4 vector PDF,9.921681907998359e-07,0.0009898006613892022,0.0010023919254684179,-0.0019390171281320364,0.001941001464513636,0.0057559499958849125,0.005788887743633267,0.005788887743633267,True,True
Uniform,2000,pess_0.1,0.02973,0.022183760258784335,1000,0.0007015120948488481,0.0297331325386045,0.0006977568405582,1000,0.0004539409547878,arXiv:2212.09900 Figure 4 vector PDF,-3.1325386045007175e-06,0.0009894361160605472,-0.003165983688742797,-0.0019424273260831733,0.0019361622488741719,0.005809228485832985,0.005705440386572219,0.005809228485832985,True,True
Uniform,2000,pess_0.2,0.029650000000000003,0.02213294755262768,1000,0.0006999052559935292,0.0296497917029512,0.0006977569540434,1000,0.0004539409547878,arXiv:2212.09900 Figure 4 vector PDF,2.0829704880376276e-07,0.0009882975939884155,0.0002107634887211962,-0.0019368549871684906,0.0019372715812660981,0.0057061634107008485,0.0057130219949767785,0.0057130219949767785,True,True
Uniform,2000,pess_0.5,0.02969,0.022083740434799347,1000,0.000698349190299231,0.0296923486674625,0.0006977568405582,1000,0.0004539409547878,arXiv:2212.09900 Figure 4 vector PDF,-2.3486674624977055e-06,0.0009871961305319998,-0.002379129526401212,-0.0019372530833052172,0.0019325557483802218,0.0057023834252104555,0.0056255134061818785,0.0057023834252104555,True,True
Uniform,2000,pess_1,0.02941,0.021905061783335195,1000,0.0006926988752204901,0.0294104086640895,0.0006977568405582,1000,0.0004539409547878,arXiv:2212.09900 Figure 4 vector PDF,-4.086640895024918e-07,0.0009832071705787612,-0.00041564392706974784,-0.0019274947184238745,0.0019266773902448695,0.005506540767469259,0.005493456921127263,0.005506540767469259,True,True
Uniform,2000,pess_10,0.03263,0.022015171309071553,1000,0.0006961808441545683,0.0326287792187465,0.0006977569540434,1000,0.0004539409547878,arXiv:2212.09900 Figure 4 vector PDF,1.2207812535025564e-06,0.000985663499721731,0.0012385375473954378,-0.00193067967820109,0.001933121240708095,0.005580756219245475,0.005620376022572051,0.005620376022572051,True,True
Uniform,2000,pess_2,0.03068,0.02201413687206977,1000,0.0006961481323843525,0.0306817978653812,0.0006982002273858,1000,0.0004539409547878,arXiv:2212.09900 Figure 4 vector PDF,-1.797865381202024e-06,0.0009859542483015146,-0.0018234774933007022,-0.0019342681920521707,0.0019306724612897666,0.005641798238322893,0.00558335584203558,0.005641798238322893,True,True
Uniform,2000,pess_5,0.03193,0.02184152357671395,1000,0.0006906896207068348,0.0319301354910478,0.0006977569540434,1000,0.0004539409547878,arXiv:2212.09900 Figure 4 vector PDF,-1.3549104779797538e-07,0.0009817927067706678,-0.00013800372203174663,-0.0019244491963183068,0.0019241782142227109,0.005444758653906812,0.005440454809503265,0.005444758653906812,True,True
Uniform,5000,greedy,0.03128,0.0217447564813781,1000,0.0006876295764686355,0.03128114200922,0.0006919939466519,1000,0.0004539409547878,arXiv:2212.09900 Figure 4 vector PDF,-1.1420092199954102e-06,0.0009755460299941298,-0.0011706359155623668,-0.0019132122280084898,0.001910928209568499,0.005211110735872104,0.005176092104778396,0.005211110735872104,True,True
Uniform,5000,pess_0.1,0.03127,0.021770646776360626,1000,0.0006884482994830196,0.0312705029950627,0.0006919940601372,1000,0.0004539409547878,arXiv:2212.09900 Figure 4 vector PDF,-5.029950626983526e-07,0.00097612337351701,-0.0005152986562405959,-0.001913704807156038,0.0019126988170306413,0.005224032584427385,0.005208557881457921,0.005224032584427385,True,True
Uniform,5000,pess_0.2,0.031120000000000002,0.021808741853239066,1000,0.0006896529715887704,0.0311215531653319,0.0006924373334795,1000,0.0004539409547878,arXiv:2212.09900 Figure 4 vector PDF,-1.553165331898837e-06,0.000977287410139628,-0.0015892615783077893,-0.0019170364892055697,0.001913930158541772,0.005286373653944354,0.005238273030883631,0.005286373653944354,True,True
Uniform,5000,pess_0.5,0.03073,0.02189626786798487,1000,0.0006924207871999126,0.0307314481112521,0.0006924373334795,1000,0.0004539409547878,arXiv:2212.09900 Figure 4 vector PDF,-1.448111252098927e-06,0.0009792425681835666,-0.0014788074979063485,-0.0019207635448918894,0.0019178673223876916,0.005362788696465892,0.005317443066047333,0.005362788696465892,True,True
Uniform,5000,pess_1,0.030670000000000003,0.021742212946796003,1000,0.0006875491428427671,0.0306711588512238,0.0006919939466519,1000,0.0004539409547878,arXiv:2212.09900 Figure 4 vector PDF,-1.1588512237974136e-06,0.000975489336705787,-0.001187969135276083,-0.0019131179511671398,0.001910800248719545,0.005209136754266486,0.0051736131739442874,0.005209136754266486,True,True
Uniform,5000,pess_10,0.031670000000000004,0.022262226005202324,1000,0.0007039933996187085,0.0316712475172408,0.0006919939466519,1000,0.0004539409547878,arXiv:2212.09900 Figure 4 vector PDF,-1.2475172407946933e-06,0.0009871485850213124,-0.0012637583234420171,-0.001936058743882567,0.0019335637094009775,0.005682304851422404,0.005641485397786384,0.005682304851422404,True,True
Uniform,5000,pess_2,0.03132,0.021870892435745175,1000,0.0006916183455750256,0.031321925880362,0.0006919939466519,1000,0.0004539409547878,arXiv:2212.09900 Figure 4 vector PDF,-1.925880361998422e-06,0.000978361670415807,-0.001968474870013986,-0.00191951475437698,0.001915662993652983,0.005335012798893923,0.005275005433826902,0.005335012798893923,True,True
Uniform,5000,pess_5,0.03151,0.021920319349872607,1000,0.000693181361838588,0.0315116591272937,0.0006924373334795,1000,0.0004539409547878,arXiv:2212.09900 Figure 4 vector PDF,-1.6591272936974932e-06,0.0009797805168488502,-0.0016933662847609422,-0.0019220289403174438,0.0019187106857300488,0.005387714226882556,0.005335603310218168,0.005387714226882556,True,True
Uniform,10000,greedy,0.030199999999999998,0.021900676693646693,1000,0.0006925602065088923,0.0301994856009191,0.0006875608727727,1000,0.0004539409547878,arXiv:2212.09900 Figure 4 vector PDF,5.143990808968713e-07,0.0009758993766816313,0.0005271025816677862,-0.0019122483792151006,0.0019132771773768943,0.005199572580586009,0.005215377945035984,0.005215377945035984,True,True
Uniform,10000,pess_0.1,0.030080000000000003,0.021906014550197715,1000,0.0006927290043541371,0.0300824541754833,0.0006875609862579,1000,0.0004539409547878,arXiv:2212.09900 Figure 4 vector PDF,-2.4541754832969886e-06,0.00097601925354852,-0.0025144744577264492,-0.0019154519124383962,0.0019105435614718022,0.0052500399319136415,0.005174581276544424,0.0052500399319136415,True,True
Uniform,10000,pess_0.2,0.03022,0.02185930990286357,1000,0.0006912520737252289,0.0302225376304851,0.000686674326088,1000,0.0004539409547878,arXiv:2212.09900 Figure 4 vector PDF,-2.53763048509853e-06,0.0009743464781779827,-0.0026044436367685868,-0.0019122567277139446,0.0019071814667437476,0.005185346414684822,0.005108063950810416,0.005185346414684822,True,True
Uniform,10000,pess_0.5,0.03025,0.021829200947675893,1000,0.000690299944961619,0.03024913584679,0.0006875609862579,1000,0.0004539409547878,arXiv:2212.09900 Figure 4 vector PDF,8.641532099999683e-07,0.0009742967329504653,0.0008869507417756096,-0.001908757443372912,0.001910485749792912,0.005131492823664097,0.005157802595938268,0.005157802595938268,True,True
Uniform,10000,pess_1,0.030260000000000002,0.02174868744097919,1000,0.0006877538843259309,0.0302597748609473,0.0006875609862579,1000,0.0004539409547878,arXiv:2212.09900 Figure 4 vector PDF,2.2513905270291068e-07,0.0009724944808220467,0.00023150676650894852,-0.0019058640433585086,0.0019063143214639144,0.00507114216141491,0.005077926021330351,0.005077926021330351,True,True
Uniform,10000,pess_10,0.031650000000000005,0.02161121339824639,1000,0.0006834065733840613,0.0316517421283545,0.0006875608727727,1000,0.0004539409547878,arXiv:2212.09900 Figure 4 vector PDF,-1.7421283544927224e-06,0.0009694248286032812,-0.0017970742063649532,-0.001901814792416924,0.0018983305357079385,0.00498235272387304,0.004930784975199727,0.00498235272387304,True,True
Uniform,10000,pess_2,0.03082,0.021545110623800278,1000,0.0006813162201150004,0.030821881320383,0.0006880042596003,1000,0.0004539409547878,arXiv:2212.09900 Figure 4 vector PDF,-1.8813203830000957e-06,0.0009682673458399538,-0.0019429761739698922,-0.0018996853182293094,0.0018959226774633092,0.004940179346684004,0.004884866612360887,0.004940179346684004,True,True
Uniform,10000,pess_5,0.03125,0.021647311752411795,1000,0.0006845481035735224,0.031249224058866,0.000686674326088,1000,0.0004539409547878,arXiv:2212.09900 Figure 4 vector PDF,7.759411339985922e-07,0.0009696018441682725,0.0008002677992678499,-0.0018996436734358155,0.0019011955557038127,0.004951784137352533,0.004974775975391265,0.004974775975391265,True,True
Uniform,20000,greedy,0.03071,0.021997267552579795,1000,0.0006956146776626985,0.0307137158157352,0.0006977568405582,1000,0.0004539409547878,arXiv:2212.09900 Figure 4 vector PDF,-3.715815735199496e-06,0.0009852636136210154,-0.003771392431253221,-0.0019348324984323898,0.0019274008669619908,0.005644544376044891,0.005524213885582418,0.005644544376044891,True,True
Uniform,20000,pess_0.1,0.03068,0.022045943473202132,1000,0.0006971539454264199,0.0306817978653812,0.0006990868875557,1000,0.0004539409547878,arXiv:2212.09900 Figure 4 vector PDF,-1.797865381202024e-06,0.0009872923072605903,-0.00182100616806233,-0.001936890787611959,0.001933295056849555,0.005697323911636465,0.005638450296236722,0.005697323911636465,True,True
Uniform,20000,pess_0.2,0.030629999999999998,0.022054239716877345,1000,0.0006974162956867944,0.0306303749800819,0.0006990867740705,1000,0.0004539409547878,arXiv:2212.09900 Figure 4 vector PDF,-3.749800819019544e-07,0.0009874774970447624,-0.0003797353185507138,-0.0019358308742896363,0.0019350809141258324,0.00568164912577207,0.005669357446458006,0.00568164912577207,True,True
Uniform,20000,pess_0.5,0.030809999999999997,0.022025644803933195,1000,0.0006965120451428168,0.030813015399595,0.0006982002273858,1000,0.0004539409547878,arXiv:2212.09900 Figure 4 vector PDF,-3.0153995950014945e-06,0.0009862112281608904,-0.003057559586524564,-0.0019359894067903468,0.0019299586076003438,0.005672376189081008,0.0055742166781882685,0.005672376189081008,True,True
Uniform,20000,pess_1,0.030920000000000003,0.02203722394584308,1000,0.0006968782097606723,0.0309211809042428,0.0006977569540434,1000,0.0004539409547878,arXiv:2212.09900 Figure 4 vector PDF,-1.180904242798625e-06,0.0009861561773650068,-0.0011974819708111364,-0.001934047011878212,0.0019316852033926146,0.005640079183785951,0.005601649435840833,0.005640079183785951,True,True
Uniform,20000,pess_10,0.031030000000000002,0.022116243537911865,1000,0.0006993770286678197,0.031031119956201,0.0006990868875557,1000,0.0004539409547878,arXiv:2212.09900 Figure 4 vector PDF,-1.1199562009976682e-06,0.000988863339688829,-0.0011325692399013305,-0.0019392921019911022,0.0019370521895891069,0.005751704401851465,0.005714713594851553,0.005751704401851465,True,True
Uniform,20000,pess_2,0.03056,0.022139931720232948,1000,0.0007001261147654593,0.0305576736125269,0.0006977568405582,1000,0.0004539409547878,arXiv:2212.09900 Figure 4 vector PDF,2.3263874730991563e-06,0.00098845393677315,0.0023535618469928375,-0.0019350433286022747,0.001939696103548473,0.005677885886856915,0.0057545525179249326,0.0057545525179249326,True,True
Uniform,20000,pess_5,0.030879999999999998,0.02223780834794923,1000,0.0007032212454982574,0.0308803970331009,0.0006990867740705,1000,0.0004539409547878,arXiv:2212.09900 Figure 4 vector PDF,-3.970331009031658e-07,0.0009915858196850229,-0.0004004021568494024,-0.001943905239683548,0.0019431111734817417,0.00585419370501028,0.005840884999950617,0.00585419370501028,True,True
