figure,T,method,beta,paper_mean,paper_se,source,scenario,decay
5,500,greedy,0.0,1.5138415261889708,0.0,arXiv:2212.09900 Figure 5 vector PDF,1,0.2
5,1000,greedy,0.0,1.562242014037321,0.0,arXiv:2212.09900 Figure 5 vector PDF,1,0.2
5,2000,greedy,0.0,1.6246634924644447,0.0,arXiv:2212.09900 Figure 5 vector PDF,1,0.2
5,5000,greedy,0.0,1.6918521065397516,0.0,arXiv:2212.09900 Figure 5 vector PDF,1,0.2
5,500,pess,0.1,1.7861853866311277,0.0,arXiv:2212.09900 Figure 5 vector PDF,1,0.2
5,1000,pess,0.1,1.7929154655547395,0.0,arXiv:2212.09900 Figure 5 vector PDF,1,0.2
5,2000,pess,0.1,1.798692120220215,0.0,arXiv:2212.09900 Figure 5 vector PDF,1,0.2
5,5000,pess,0.1,1.8378948335396292,0.0,arXiv:2212.09900 Figure 5 vector PDF,1,0.2
5,500,pess,0.2,1.7910646974401216,0.0,arXiv:2212.09900 Figure 5 vector PDF,1,0.2
5,1000,pess,0.2,1.7922424576623786,0.0,arXiv:2212.09900 Figure 5 vector PDF,1,0.2
5,2000,pess,0.2,1.7992529529517656,0.0,arXiv:2212.09900 Figure 5 vector PDF,1,0.2
5,5000,pess,0.2,1.839745601654247,0.0,arXiv:2212.09900 Figure 5 vector PDF,1,0.2
5,500,pess,0.5,1.8030105839401576,0.0,arXiv:2212.09900 Figure 5 vector PDF,1,0.2
5,1000,pess,0.5,1.7874753220141955,0.0,arXiv:2212.09900 Figure 5 vector PDF,1,0.2
5,2000,pess,0.5,1.799421208514231,0.0,arXiv:2212.09900 Figure 5 vector PDF,1,0.2
5,5000,pess,0.5,1.8422132972595713,0.0,arXiv:2212.09900 Figure 5 vector PDF,1,0.2
5,500,pess,1.0,1.8061512874378427,0.0,arXiv:2212.09900 Figure 5 vector PDF,1,0.2
5,1000,pess,1.0,1.7940932257769964,0.0,arXiv:2212.09900 Figure 5 vector PDF,1,0.2
5,2000,pess,1.0,1.799813800040817,0.0,arXiv:2212.09900 Figure 5 vector PDF,1,0.2
5,5000,pess,1.0,1.8391847545651951,0.0,arXiv:2212.09900 Figure 5 vector PDF,1,0.2
5,500,pess,5.0,1.8023936564494507,0.0,arXiv:2212.09900 Figure 5 vector PDF,1,0.2
5,1000,pess,5.0,1.799813800040817,0.0,arXiv:2212.09900 Figure 5 vector PDF,1,0.2
5,2000,pess,5.0,1.8104697511577852,0.0,arXiv:2212.09900 Figure 5 vector PDF,1,0.2
5,5000,pess,5.0,1.8422132972595713,0.0,arXiv:2212.09900 Figure 5 vector PDF,1,0.2
5,500,pess,10.0,1.819387109320946,0.0,arXiv:2212.09900 Figure 5 vector PDF,1,0.2
5,1000,pess,10.0,1.8082824862757376,0.0,arXiv:2212.09900 Figure 5 vector PDF,1,0.2
5,2000,pess,10.0,1.8130496219239203,0.0,arXiv:2212.09900 Figure 5 vector PDF,1,0.2
5,5000,pess,10.0,1.840194273582488,0.0,arXiv:2212.09900 Figure 5 vector PDF,1,0.2
5,500,lin,0.0001,1.1920876732386727,0.0,arXiv:2212.09900 Figure 5 vector PDF,1,0.2
5,1000,lin,0.0001,1.3133973494261504,0.0,arXiv:2212.09900 Figure 5 vector PDF,1,0.2
5,2000,lin,0.0001,1.3257358130952706,0.0,arXiv:2212.09900 Figure 5 vector PDF,1,0.2
5,5000,lin,0.0001,1.3315124677607462,0.0,arXiv:2212.09900 Figure 5 vector PDF,1,0.2
5,500,lin,0.001,1.1942188577190658,0.0,arXiv:2212.09900 Figure 5 vector PDF,1,0.2
5,1000,lin,0.001,1.3131169187028737,0.0,arXiv:2212.09900 Figure 5 vector PDF,1,0.2
5,2000,lin,0.001,1.326745332112563,0.0,arXiv:2212.09900 Figure 5 vector PDF,1,0.2
5,5000,lin,0.001,1.3297738604494378,0.0,arXiv:2212.09900 Figure 5 vector PDF,1,0.2
5,500,lin,0.01,1.199266424090525,0.0,arXiv:2212.09900 Figure 5 vector PDF,1,0.2
5,1000,lin,0.01,1.3154163587457326,0.0,arXiv:2212.09900 Figure 5 vector PDF,1,0.2
5,2000,lin,0.01,1.3323537312155729,0.0,arXiv:2212.09900 Figure 5 vector PDF,1,0.2
5,5000,lin,0.01,1.3325219867780387,0.0,arXiv:2212.09900 Figure 5 vector PDF,1,0.2
5,500,lin,0.1,1.2031362158822265,0.0,arXiv:2212.09900 Figure 5 vector PDF,1,0.2
5,1000,lin,0.1,1.3201274283497626,0.0,arXiv:2212.09900 Figure 5 vector PDF,1,0.2
5,2000,lin,0.1,1.3325219867780387,0.0,arXiv:2212.09900 Figure 5 vector PDF,1,0.2
5,5000,lin,0.1,1.3303347075384893,0.0,arXiv:2212.09900 Figure 5 vector PDF,1,0.2
5,500,lin,0.2,1.213455670231765,0.0,arXiv:2212.09900 Figure 5 vector PDF,1,0.2
5,1000,lin,0.2,1.3123878304088579,0.0,arXiv:2212.09900 Figure 5 vector PDF,1,0.2
5,2000,lin,0.2,1.3234363730524121,0.0,arXiv:2212.09900 Figure 5 vector PDF,1,0.2
5,5000,lin,0.2,1.3310637958325051,0.0,arXiv:2212.09900 Figure 5 vector PDF,1,0.2
5,500,lin,0.5,1.241048993818573,0.0,arXiv:2212.09900 Figure 5 vector PDF,1,0.2
5,1000,lin,0.5,1.3257358130952706,0.0,arXiv:2212.09900 Figure 5 vector PDF,1,0.2
5,2000,lin,0.5,1.3395324820674257,0.0,arXiv:2212.09900 Figure 5 vector PDF,1,0.2
5,5000,lin,0.5,1.3346531712584317,0.0,arXiv:2212.09900 Figure 5 vector PDF,1,0.2
5,500,lin,1.0,1.2690349089319675,0.0,arXiv:2212.09900 Figure 5 vector PDF,1,0.2
5,1000,lin,1.0,1.3310637958325051,0.0,arXiv:2212.09900 Figure 5 vector PDF,1,0.2
5,2000,lin,1.0,1.329044772155422,0.0,arXiv:2212.09900 Figure 5 vector PDF,1,0.2
5,5000,lin,1.0,1.3323537312155729,0.0,arXiv:2212.09900 Figure 5 vector PDF,1,0.2
5,500,lin,5.0,1.330502963100955,0.0,arXiv:2212.09900 Figure 5 vector PDF,1,0.2
5,1000,lin,5.0,1.3289326113521125,0.0,arXiv:2212.09900 Figure 5 vector PDF,1,0.2
5,2000,lin,5.0,1.3307833794667303,0.0,arXiv:2212.09900 Figure 5 vector PDF,1,0.2
5,5000,lin,5.0,1.337513458390342,0.0,arXiv:2212.09900 Figure 5 vector PDF,1,0.2
5,500,lin,10.0,1.3354944347132585,0.0,arXiv:2212.09900 Figure 5 vector PDF,1,0.2
5,1000,lin,10.0,1.3287643557896467,0.0,arXiv:2212.09900 Figure 5 vector PDF,1,0.2
5,2000,lin,10.0,1.3244458920697046,0.0,arXiv:2212.09900 Figure 5 vector PDF,1,0.2
5,5000,lin,10.0,1.3344849300534674,0.0,arXiv:2212.09900 Figure 5 vector PDF,1,0.2
5,500,greedy,0.0,1.5563531842110345,0.0,arXiv:2212.09900 Figure 5 vector PDF,1,0.4
5,1000,greedy,0.0,1.5323492504076541,0.0,arXiv:2212.09900 Figure 5 vector PDF,1,0.4
5,2000,greedy,0.0,1.5211324522016345,0.0,arXiv:2212.09900 Figure 5 vector PDF,1,0.4
5,5000,greedy,0.0,1.5494548640824588,0.0,arXiv:2212.09900 Figure 5 vector PDF,1,0.4
5,500,pess,0.1,1.9433888170778686,0.0,arXiv:2212.09900 Figure 5 vector PDF,1,0.4
5,1000,pess,0.1,1.906205127435538,0.0,arXiv:2212.09900 Figure 5 vector PDF,1,0.4
5,2000,pess,0.1,1.8745176760929079,0.0,arXiv:2212.09900 Figure 5 vector PDF,1,0.4
5,5000,pess,0.1,1.829706563670484,0.0,arXiv:2212.09900 Figure 5 vector PDF,1,0.4
5,500,pess,0.2,1.94142587380244,0.0,arXiv:2212.09900 Figure 5 vector PDF,1,0.4
5,1000,pess,0.2,1.9060929666322286,0.0,arXiv:2212.09900 Figure 5 vector PDF,1,0.4
5,2000,pess,0.2,1.872330396853359,0.0,arXiv:2212.09900 Figure 5 vector PDF,1,0.4
5,5000,pess,0.2,1.826397604610333,0.0,arXiv:2212.09900 Figure 5 vector PDF,1,0.4
5,500,pess,0.5,1.9433888170778686,0.0,arXiv:2212.09900 Figure 5 vector PDF,1,0.4
5,1000,pess,0.5,1.9100749192272395,0.0,arXiv:2212.09900 Figure 5 vector PDF,1,0.4
5,2000,pess,0.5,1.8733399158706514,0.0,arXiv:2212.09900 Figure 5 vector PDF,1,0.4
5,5000,pess,0.5,1.827519284430935,0.0,arXiv:2212.09900 Figure 5 vector PDF,1,0.4
5,500,pess,1.0,1.940248113580183,0.0,arXiv:2212.09900 Figure 5 vector PDF,1,0.4
5,1000,pess,1.0,1.9097945028614642,0.0,arXiv:2212.09900 Figure 5 vector PDF,1,0.4
5,2000,pess,1.0,1.8677315024101397,0.0,arXiv:2212.09900 Figure 5 vector PDF,1,0.4
5,5000,pess,1.0,1.8222473964528563,0.0,arXiv:2212.09900 Figure 5 vector PDF,1,0.4
5,500,pess,5.0,1.9389581781971157,0.0,arXiv:2212.09900 Figure 5 vector PDF,1,0.4
5,1000,pess,5.0,1.906653799363779,0.0,arXiv:2212.09900 Figure 5 vector PDF,1,0.4
5,2000,pess,5.0,1.869638365283914,0.0,arXiv:2212.09900 Figure 5 vector PDF,1,0.4
5,5000,pess,5.0,1.8298187388312952,0.0,arXiv:2212.09900 Figure 5 vector PDF,1,0.4
5,500,pess,10.0,1.9422671372572666,0.0,arXiv:2212.09900 Figure 5 vector PDF,1,0.4
5,1000,pess,10.0,1.9087849982016736,0.0,arXiv:2212.09900 Figure 5 vector PDF,1,0.4
5,2000,pess,10.0,1.870479628738741,0.0,arXiv:2212.09900 Figure 5 vector PDF,1,0.4
5,5000,pess,10.0,1.8309964990535517,0.0,arXiv:2212.09900 Figure 5 vector PDF,1,0.4
5,500,lin,0.0001,1.1136822465998444,0.0,arXiv:2212.09900 Figure 5 vector PDF,1,0.4
5,1000,lin,0.0001,1.1844602504585793,0.0,arXiv:2212.09900 Figure 5 vector PDF,1,0.4
5,2000,lin,0.0001,1.2189518941739634,0.0,arXiv:2212.09900 Figure 5 vector PDF,1,0.4
5,5000,lin,0.0001,1.301900120496854,0.0,arXiv:2212.09900 Figure 5 vector PDF,1,0.4
5,500,lin,0.001,1.1132335746716038,0.0,arXiv:2212.09900 Figure 5 vector PDF,1,0.4
5,1000,lin,0.001,1.1887787141785213,0.0,arXiv:2212.09900 Figure 5 vector PDF,1,0.4
5,2000,lin,0.001,1.22484072400025,0.0,arXiv:2212.09900 Figure 5 vector PDF,1,0.4
5,5000,lin,0.001,1.3064990149400733,0.0,arXiv:2212.09900 Figure 5 vector PDF,1,0.4
5,500,lin,0.01,1.111270631396175,0.0,arXiv:2212.09900 Figure 5 vector PDF,1,0.4
5,1000,lin,0.01,1.191919417676207,0.0,arXiv:2212.09900 Figure 5 vector PDF,1,0.4
5,2000,lin,0.01,1.2200735883520673,0.0,arXiv:2212.09900 Figure 5 vector PDF,1,0.4
5,5000,lin,0.01,1.3066672705025386,0.0,arXiv:2212.09900 Figure 5 vector PDF,1,0.4
5,500,lin,0.1,1.1365084345384697,0.0,arXiv:2212.09900 Figure 5 vector PDF,1,0.4
5,1000,lin,0.1,1.2082959430569957,0.0,arXiv:2212.09900 Figure 5 vector PDF,1,0.4
5,2000,lin,0.1,1.2334215710384795,0.0,arXiv:2212.09900 Figure 5 vector PDF,1,0.4
5,5000,lin,0.1,1.3069476868683139,0.0,arXiv:2212.09900 Figure 5 vector PDF,1,0.4
5,500,lin,0.2,1.1577642707282525,0.0,arXiv:2212.09900 Figure 5 vector PDF,1,0.4
5,1000,lin,0.2,1.221083093011858,0.0,arXiv:2212.09900 Figure 5 vector PDF,1,0.4
5,2000,lin,0.2,1.2495176800534935,0.0,arXiv:2212.09900 Figure 5 vector PDF,1,0.4
5,5000,lin,0.2,1.3136777657919256,0.0,arXiv:2212.09900 Figure 5 vector PDF,1,0.4
5,500,lin,0.5,1.220354004717842,0.0,arXiv:2212.09900 Figure 5 vector PDF,1,0.4
5,1000,lin,0.5,1.2605662226970473,0.0,arXiv:2212.09900 Figure 5 vector PDF,1,0.4
5,2000,lin,0.5,1.2882717214446666,0.0,arXiv:2212.09900 Figure 5 vector PDF,1,0.4
5,5000,lin,0.5,1.316538052923836,0.0,arXiv:2212.09900 Figure 5 vector PDF,1,0.4
5,500,lin,1.0,1.2796347796472807,0.0,arXiv:2212.09900 Figure 5 vector PDF,1,0.4
5,1000,lin,1.0,1.298310745070928,0.0,arXiv:2212.09900 Figure 5 vector PDF,1,0.4
5,2000,lin,1.0,1.3135655906311148,0.0,arXiv:2212.09900 Figure 5 vector PDF,1,0.4
5,5000,lin,1.0,1.3243337169088933,0.0,arXiv:2212.09900 Figure 5 vector PDF,1,0.4
5,500,lin,5.0,1.3254553967294953,0.0,arXiv:2212.09900 Figure 5 vector PDF,1,0.4
5,1000,lin,5.0,1.3376817139528079,0.0,arXiv:2212.09900 Figure 5 vector PDF,1,0.4
5,2000,lin,5.0,1.3330828195095887,0.0,arXiv:2212.09900 Figure 5 vector PDF,1,0.4
5,5000,lin,5.0,1.3361113622039649,0.0,arXiv:2212.09900 Figure 5 vector PDF,1,0.4
5,500,lin,10.0,1.3352140183474832,0.0,arXiv:2212.09900 Figure 5 vector PDF,1,0.4
5,1000,lin,10.0,1.3331949946704,0.0,arXiv:2212.09900 Figure 5 vector PDF,1,0.4
5,2000,lin,10.0,1.3377938747561169,0.0,arXiv:2212.09900 Figure 5 vector PDF,1,0.4
5,5000,lin,10.0,1.337064786462101,0.0,arXiv:2212.09900 Figure 5 vector PDF,1,0.4
5,500,greedy,0.0,1.8088993994089422,0.0,arXiv:2212.09900 Figure 5 vector PDF,1,0.6
5,1000,greedy,0.0,1.7615084305778845,0.0,arXiv:2212.09900 Figure 5 vector PDF,1,0.6
5,2000,greedy,0.0,1.705929191877682,0.0,arXiv:2212.09900 Figure 5 vector PDF,1,0.6
5,5000,greedy,0.0,1.608735639011897,0.0,arXiv:2212.09900 Figure 5 vector PDF,1,0.6
5,500,pess,0.1,1.9798994844703364,0.0,arXiv:2212.09900 Figure 5 vector PDF,1,0.6
5,1000,pess,0.1,1.986741738554759,0.0,arXiv:2212.09900 Figure 5 vector PDF,1,0.6
5,2000,pess,0.1,1.9870782353221887,0.0,arXiv:2212.09900 Figure 5 vector PDF,1,0.6
5,5000,pess,0.1,1.97872172424808,0.0,arXiv:2212.09900 Figure 5 vector PDF,1,0.6
5,500,pess,0.2,1.980740747925163,0.0,arXiv:2212.09900 Figure 5 vector PDF,1,0.6
5,1000,pess,0.2,1.985620058734157,0.0,arXiv:2212.09900 Figure 5 vector PDF,1,0.6
5,2000,pess,0.2,1.9884803458660678,0.0,arXiv:2212.09900 Figure 5 vector PDF,1,0.6
5,5000,pess,0.2,1.9778804751507546,0.0,arXiv:2212.09900 Figure 5 vector PDF,1,0.6
5,500,pess,0.5,1.983040187968022,0.0,arXiv:2212.09900 Figure 5 vector PDF,1,0.6
5,1000,pess,0.5,1.9889290177943084,0.0,arXiv:2212.09900 Figure 5 vector PDF,1,0.6
5,2000,pess,0.5,1.9883681707052565,0.0,arXiv:2212.09900 Figure 5 vector PDF,1,0.6
5,5000,pess,0.5,1.977151372499237,0.0,arXiv:2212.09900 Figure 5 vector PDF,1,0.6
5,500,pess,1.0,1.9837692906195392,0.0,arXiv:2212.09900 Figure 5 vector PDF,1,0.6
5,1000,pess,1.0,1.9876390824112407,0.0,arXiv:2212.09900 Figure 5 vector PDF,1,0.6
5,2000,pess,1.0,1.987919498777016,0.0,arXiv:2212.09900 Figure 5 vector PDF,1,0.6
5,5000,pess,1.0,1.9781608915165294,0.0,arXiv:2212.09900 Figure 5 vector PDF,1,0.6
5,500,pess,5.0,1.981301595014215,0.0,arXiv:2212.09900 Figure 5 vector PDF,1,0.6
5,1000,pess,5.0,1.985620058734157,0.0,arXiv:2212.09900 Figure 5 vector PDF,1,0.6
5,2000,pess,5.0,1.9890411785976179,0.0,arXiv:2212.09900 Figure 5 vector PDF,1,0.6
5,5000,pess,5.0,1.9777122195882888,0.0,arXiv:2212.09900 Figure 5 vector PDF,1,0.6
5,500,pess,10.0,1.9809090034876289,0.0,arXiv:2212.09900 Figure 5 vector PDF,1,0.6
5,1000,pess,10.0,1.9859004750999323,0.0,arXiv:2212.09900 Figure 5 vector PDF,1,0.6
5,2000,pess,10.0,1.9881999295002926,0.0,arXiv:2212.09900 Figure 5 vector PDF,1,0.6
5,5000,pess,10.0,1.9740106690015513,0.0,arXiv:2212.09900 Figure 5 vector PDF,1,0.6
5,500,lin,0.0001,1.1744212124748166,0.0,arXiv:2212.09900 Figure 5 vector PDF,1,0.6
5,1000,lin,0.0001,1.150753761081364,0.0,arXiv:2212.09900 Figure 5 vector PDF,1,0.6
5,2000,lin,0.0001,1.1621949096090058,0.0,arXiv:2212.09900 Figure 5 vector PDF,1,0.6
5,5000,lin,0.0001,1.1344894108613865,0.0,arXiv:2212.09900 Figure 5 vector PDF,1,0.6
5,500,lin,0.001,1.1705514206831151,0.0,arXiv:2212.09900 Figure 5 vector PDF,1,0.6
5,1000,lin,0.001,1.1457062090674062,0.0,arXiv:2212.09900 Figure 5 vector PDF,1,0.6
5,2000,lin,0.001,1.1669620452571885,0.0,arXiv:2212.09900 Figure 5 vector PDF,1,0.6
5,5000,lin,0.001,1.1386957137780191,0.0,arXiv:2212.09900 Figure 5 vector PDF,1,0.6
5,500,lin,0.01,1.1741407961090413,0.0,arXiv:2212.09900 Figure 5 vector PDF,1,0.6
5,1000,lin,0.01,1.1514267833312268,0.0,arXiv:2212.09900 Figure 5 vector PDF,1,0.6
5,2000,lin,0.01,1.1655038543116554,0.0,arXiv:2212.09900 Figure 5 vector PDF,1,0.6
5,5000,lin,0.01,1.1380787862873127,0.0,arXiv:2212.09900 Figure 5 vector PDF,1,0.6
5,500,lin,0.1,1.1976960723416825,0.0,arXiv:2212.09900 Figure 5 vector PDF,1,0.6
5,1000,lin,0.1,1.1777301715349675,0.0,arXiv:2212.09900 Figure 5 vector PDF,1,0.6
5,2000,lin,0.1,1.186479274135663,0.0,arXiv:2212.09900 Figure 5 vector PDF,1,0.6
5,5000,lin,0.1,1.1563060797827194,0.0,arXiv:2212.09900 Figure 5 vector PDF,1,0.6
5,500,lin,0.2,1.2236629637779934,0.0,arXiv:2212.09900 Figure 5 vector PDF,1,0.6
5,1000,lin,0.2,1.2074546796021686,0.0,arXiv:2212.09900 Figure 5 vector PDF,1,0.6
5,2000,lin,0.2,1.2150260219806075,0.0,arXiv:2212.09900 Figure 5 vector PDF,1,0.6
5,5000,lin,0.2,1.180870875032653,0.0,arXiv:2212.09900 Figure 5 vector PDF,1,0.6
5,500,lin,0.5,1.265725949871816,0.0,arXiv:2212.09900 Figure 5 vector PDF,1,0.6
5,1000,lin,0.5,1.2611270554285974,0.0,arXiv:2212.09900 Figure 5 vector PDF,1,0.6
5,2000,lin,0.5,1.2692031501369314,0.0,arXiv:2212.09900 Figure 5 vector PDF,1,0.6
5,5000,lin,0.5,1.2407685774527981,0.0,arXiv:2212.09900 Figure 5 vector PDF,1,0.6
5,500,lin,1.0,1.3086862798221208,0.0,arXiv:2212.09900 Figure 5 vector PDF,1,0.6
5,1000,lin,1.0,1.3119391584806173,0.0,arXiv:2212.09900 Figure 5 vector PDF,1,0.6
5,2000,lin,1.0,1.3141264377201667,0.0,arXiv:2212.09900 Figure 5 vector PDF,1,0.6
5,5000,lin,1.0,1.2996006804539957,0.0,arXiv:2212.09900 Figure 5 vector PDF,1,0.6
5,500,lin,5.0,1.332073314849798,0.0,arXiv:2212.09900 Figure 5 vector PDF,1,0.6
5,1000,lin,5.0,1.341271089378734,0.0,arXiv:2212.09900 Figure 5 vector PDF,1,0.6
5,2000,lin,5.0,1.3294934440836625,0.0,arXiv:2212.09900 Figure 5 vector PDF,1,0.6
5,5000,lin,5.0,1.3297738604494378,0.0,arXiv:2212.09900 Figure 5 vector PDF,1,0.6
5,500,lin,10.0,1.3365039393730496,0.0,arXiv:2212.09900 Figure 5 vector PDF,1,0.6
5,1000,lin,10.0,1.3342044993301907,0.0,arXiv:2212.09900 Figure 5 vector PDF,1,0.6
5,2000,lin,10.0,1.3377938747561169,0.0,arXiv:2212.09900 Figure 5 vector PDF,1,0.6
5,5000,lin,10.0,1.3317928984840228,0.0,arXiv:2212.09900 Figure 5 vector PDF,1,0.6
5,500,greedy,0.0,1.9523061752410298,0.0,arXiv:2212.09900 Figure 5 vector PDF,1,0.8
5,1000,greedy,0.0,1.958026735147349,0.0,arXiv:2212.09900 Figure 5 vector PDF,1,0.8
5,2000,greedy,0.0,1.946136929048968,0.0,arXiv:2212.09900 Figure 5 vector PDF,1,0.8
5,5000,greedy,0.0,1.9329011071658648,0.0,arXiv:2212.09900 Figure 5 vector PDF,1,0.8
5,500,pess,0.1,1.9840497069853145,0.0,arXiv:2212.09900 Figure 5 vector PDF,1,0.8
5,1000,pess,0.1,1.990499369543151,0.0,arXiv:2212.09900 Figure 5 vector PDF,1,0.8
5,2000,pess,0.1,1.9936400730408366,0.0,arXiv:2212.09900 Figure 5 vector PDF,1,0.8
5,5000,pess,0.1,1.9985193838498305,0.0,arXiv:2212.09900 Figure 5 vector PDF,1,0.8
5,500,pess,0.2,1.9866295633939481,0.0,arXiv:2212.09900 Figure 5 vector PDF,1,0.8
5,1000,pess,0.2,1.990499369543151,0.0,arXiv:2212.09900 Figure 5 vector PDF,1,0.8
5,2000,pess,0.2,1.9939204894066118,0.0,arXiv:2212.09900 Figure 5 vector PDF,1,0.8
5,5000,pess,0.2,1.9962199294494702,0.0,arXiv:2212.09900 Figure 5 vector PDF,1,0.8
5,500,pess,0.5,1.9861808914657075,0.0,arXiv:2212.09900 Figure 5 vector PDF,1,0.8
5,1000,pess,0.5,1.9896581060883243,0.0,arXiv:2212.09900 Figure 5 vector PDF,1,0.8
5,2000,pess,0.5,1.9946495777006277,0.0,arXiv:2212.09900 Figure 5 vector PDF,1,0.8
5,5000,pess,0.5,1.9984072086890197,0.0,arXiv:2212.09900 Figure 5 vector PDF,1,0.8
5,500,pess,1.0,1.9864613221889842,0.0,arXiv:2212.09900 Figure 5 vector PDF,1,0.8
5,1000,pess,1.0,1.9899385224540995,0.0,arXiv:2212.09900 Figure 5 vector PDF,1,0.8
5,2000,pess,1.0,1.9955469215571093,0.0,arXiv:2212.09900 Figure 5 vector PDF,1,0.8
5,5000,pess,1.0,1.9979585367607786,0.0,arXiv:2212.09900 Figure 5 vector PDF,1,0.8
5,500,pess,5.0,1.9861808914657075,0.0,arXiv:2212.09900 Figure 5 vector PDF,1,0.8
5,1000,pess,5.0,1.9907797859089262,0.0,arXiv:2212.09900 Figure 5 vector PDF,1,0.8
5,2000,pess,5.0,1.995378680352145,0.0,arXiv:2212.09900 Figure 5 vector PDF,1,0.8
5,5000,pess,5.0,1.9968368569401767,0.0,arXiv:2212.09900 Figure 5 vector PDF,1,0.8
5,500,pess,10.0,1.985620058734157,0.0,arXiv:2212.09900 Figure 5 vector PDF,1,0.8
5,1000,pess,10.0,1.9903311139806856,0.0,arXiv:2212.09900 Figure 5 vector PDF,1,0.8
5,2000,pess,10.0,1.9940887449690776,0.0,arXiv:2212.09900 Figure 5 vector PDF,1,0.8
5,5000,pess,10.0,1.995378680352145,0.0,arXiv:2212.09900 Figure 5 vector PDF,1,0.8
5,500,lin,0.0001,1.2333093958776686,0.0,arXiv:2212.09900 Figure 5 vector PDF,1,0.8
5,1000,lin,0.0001,1.2301126119783286,0.0,arXiv:2212.09900 Figure 5 vector PDF,1,0.8
5,2000,lin,0.0001,1.2051552395593101,0.0,arXiv:2212.09900 Figure 5 vector PDF,1,0.8
5,5000,lin,0.0001,1.2016780392941948,0.0,arXiv:2212.09900 Figure 5 vector PDF,1,0.8
5,500,lin,0.001,1.2371792020268715,0.0,arXiv:2212.09900 Figure 5 vector PDF,1,0.8
5,1000,lin,0.001,1.2245042128753187,0.0,arXiv:2212.09900 Figure 5 vector PDF,1,0.8
5,2000,lin,0.001,1.2038653041762424,0.0,arXiv:2212.09900 Figure 5 vector PDF,1,0.8
5,5000,lin,0.001,1.1988177521622845,0.0,arXiv:2212.09900 Figure 5 vector PDF,1,0.8
5,500,lin,0.01,1.2368987713035948,0.0,arXiv:2212.09900 Figure 5 vector PDF,1,0.8
5,1000,lin,0.01,1.2259624038208519,0.0,arXiv:2212.09900 Figure 5 vector PDF,1,0.8
5,2000,lin,0.01,1.2074546796021686,0.0,arXiv:2212.09900 Figure 5 vector PDF,1,0.8
5,5000,lin,0.01,1.1985373357965092,0.0,arXiv:2212.09900 Figure 5 vector PDF,1,0.8
5,500,lin,0.1,1.2546774072282623,0.0,arXiv:2212.09900 Figure 5 vector PDF,1,0.8
5,1000,lin,0.1,1.2482277446704257,0.0,arXiv:2212.09900 Figure 5 vector PDF,1,0.8
5,2000,lin,0.1,1.226411075749093,0.0,arXiv:2212.09900 Figure 5 vector PDF,1,0.8
5,5000,lin,0.1,1.2261306450258163,0.0,arXiv:2212.09900 Figure 5 vector PDF,1,0.8
5,500,lin,0.2,1.2647164308545236,0.0,arXiv:2212.09900 Figure 5 vector PDF,1,0.8
5,1000,lin,0.2,1.2643238536854393,0.0,arXiv:2212.09900 Figure 5 vector PDF,1,0.8
5,2000,lin,0.2,1.2512562730073,0.0,arXiv:2212.09900 Figure 5 vector PDF,1,0.8
5,5000,lin,0.2,1.2417780821125888,0.0,arXiv:2212.09900 Figure 5 vector PDF,1,0.8
5,500,lin,0.5,1.28743045798984,0.0,arXiv:2212.09900 Figure 5 vector PDF,1,0.8
5,1000,lin,0.5,1.2923097687988339,0.0,arXiv:2212.09900 Figure 5 vector PDF,1,0.8
5,2000,lin,0.5,1.287823049516426,0.0,arXiv:2212.09900 Figure 5 vector PDF,1,0.8
5,5000,lin,0.5,1.2838410825639133,0.0,arXiv:2212.09900 Figure 5 vector PDF,1,0.8
5,500,lin,1.0,1.3161454613972499,0.0,arXiv:2212.09900 Figure 5 vector PDF,1,0.8
5,1000,lin,1.0,1.3266331569517522,0.0,arXiv:2212.09900 Figure 5 vector PDF,1,0.8
5,2000,lin,1.0,1.3234363730524121,0.0,arXiv:2212.09900 Figure 5 vector PDF,1,0.8
5,5000,lin,1.0,1.3177158131460929,0.0,arXiv:2212.09900 Figure 5 vector PDF,1,0.8
5,500,lin,5.0,1.3308955546275412,0.0,arXiv:2212.09900 Figure 5 vector PDF,1,0.8
5,1000,lin,5.0,1.332073314849798,0.0,arXiv:2212.09900 Figure 5 vector PDF,1,0.8
5,2000,lin,5.0,1.3303347075384893,0.0,arXiv:2212.09900 Figure 5 vector PDF,1,0.8
5,5000,lin,5.0,1.337513458390342,0.0,arXiv:2212.09900 Figure 5 vector PDF,1,0.8
5,500,lin,10.0,1.3344849300534674,0.0,arXiv:2212.09900 Figure 5 vector PDF,1,0.8
5,1000,lin,10.0,1.3277548511298556,0.0,arXiv:2212.09900 Figure 5 vector PDF,1,0.8
5,2000,lin,10.0,1.3357748510790337,0.0,arXiv:2212.09900 Figure 5 vector PDF,1,0.8
5,5000,lin,10.0,1.3338119078036046,0.0,arXiv:2212.09900 Figure 5 vector PDF,1,0.8
5,500,greedy,0.0,1.981750266942456,0.0,arXiv:2212.09900 Figure 5 vector PDF,1,pure
5,1000,greedy,0.0,1.9685144450593528,0.0,arXiv:2212.09900 Figure 5 vector PDF,1,pure
5,2000,greedy,0.0,1.8562342878383453,0.0,arXiv:2212.09900 Figure 5 vector PDF,1,pure
5,5000,greedy,0.0,1.623261396278068,0.0,arXiv:2212.09900 Figure 5 vector PDF,1,pure
5,500,pess,0.1,1.9876390824112407,0.0,arXiv:2212.09900 Figure 5 vector PDF,1,pure
5,1000,pess,0.1,1.9925183932202346,0.0,arXiv:2212.09900 Figure 5 vector PDF,1,pure
5,2000,pess,0.1,1.995827352280386,0.0,arXiv:2212.09900 Figure 5 vector PDF,1,pure
5,5000,pess,0.1,1.986349147028173,0.0,arXiv:2212.09900 Figure 5 vector PDF,1,pure
5,500,pess,0.2,1.9897702668916337,0.0,arXiv:2212.09900 Figure 5 vector PDF,1,pure
5,1000,pess,0.2,1.9913406329979781,0.0,arXiv:2212.09900 Figure 5 vector PDF,1,pure
5,2000,pess,0.2,1.9955469215571093,0.0,arXiv:2212.09900 Figure 5 vector PDF,1,pure
5,5000,pess,0.2,1.989377689722549,0.0,arXiv:2212.09900 Figure 5 vector PDF,1,pure
5,500,pess,0.5,1.9889290177943084,0.0,arXiv:2212.09900 Figure 5 vector PDF,1,pure
5,1000,pess,0.5,1.990499369543151,0.0,arXiv:2212.09900 Figure 5 vector PDF,1,pure
5,2000,pess,0.5,1.9945374168973182,0.0,arXiv:2212.09900 Figure 5 vector PDF,1,pure
5,5000,pess,0.5,1.9873586660454658,0.0,arXiv:2212.09900 Figure 5 vector PDF,1,pure
5,500,pess,1.0,1.987751257572052,0.0,arXiv:2212.09900 Figure 5 vector PDF,1,pure
5,1000,pess,1.0,1.9899385224540995,0.0,arXiv:2212.09900 Figure 5 vector PDF,1,pure
5,2000,pess,1.0,1.9940887449690776,0.0,arXiv:2212.09900 Figure 5 vector PDF,1,pure
5,5000,pess,1.0,1.986068730662398,0.0,arXiv:2212.09900 Figure 5 vector PDF,1,pure
5,500,pess,5.0,1.9870782353221887,0.0,arXiv:2212.09900 Figure 5 vector PDF,1,pure
5,1000,pess,5.0,1.9942569861740416,0.0,arXiv:2212.09900 Figure 5 vector PDF,1,pure
5,2000,pess,5.0,1.9972294484667628,0.0,arXiv:2212.09900 Figure 5 vector PDF,1,pure
5,5000,pess,5.0,1.9851713868059164,0.0,arXiv:2212.09900 Figure 5 vector PDF,1,pure
5,500,pess,10.0,1.9873586660454658,0.0,arXiv:2212.09900 Figure 5 vector PDF,1,pure
5,1000,pess,10.0,1.9919575461311827,0.0,arXiv:2212.09900 Figure 5 vector PDF,1,pure
5,2000,pess,10.0,1.995827352280386,0.0,arXiv:2212.09900 Figure 5 vector PDF,1,pure
5,5000,pess,10.0,1.987190410483,0.0,arXiv:2212.09900 Figure 5 vector PDF,1,pure
5,500,lin,0.0001,1.2908515778533003,0.0,arXiv:2212.09900 Figure 5 vector PDF,1,pure
5,1000,lin,0.0001,1.258827615385739,0.0,arXiv:2212.09900 Figure 5 vector PDF,1,pure
5,2000,lin,0.0001,1.2124461655719738,0.0,arXiv:2212.09900 Figure 5 vector PDF,1,pure
5,5000,lin,0.0001,1.1584933590222684,0.0,arXiv:2212.09900 Figure 5 vector PDF,1,pure
5,500,lin,0.001,1.2838410825639133,0.0,arXiv:2212.09900 Figure 5 vector PDF,1,pure
5,1000,lin,0.001,1.2551260791565033,0.0,arXiv:2212.09900 Figure 5 vector PDF,1,pure
5,2000,lin,0.001,1.2101467111716135,0.0,arXiv:2212.09900 Figure 5 vector PDF,1,pure
5,5000,lin,0.001,1.1518754552594679,0.0,arXiv:2212.09900 Figure 5 vector PDF,1,pure
5,500,lin,0.01,1.285691850678531,0.0,arXiv:2212.09900 Figure 5 vector PDF,1,pure
5,1000,lin,0.01,1.2587154545824295,0.0,arXiv:2212.09900 Figure 5 vector PDF,1,pure
5,2000,lin,0.01,1.2146334304540214,0.0,arXiv:2212.09900 Figure 5 vector PDF,1,pure
5,5000,lin,0.01,1.15675475171096,0.0,arXiv:2212.09900 Figure 5 vector PDF,1,pure
5,500,lin,0.1,1.2907394026924894,0.0,arXiv:2212.09900 Figure 5 vector PDF,1,pure
5,1000,lin,0.1,1.2759332290605432,0.0,arXiv:2212.09900 Figure 5 vector PDF,1,pure
5,2000,lin,0.1,1.2374596183926467,0.0,arXiv:2212.09900 Figure 5 vector PDF,1,pure
5,5000,lin,0.1,1.1785714206322928,0.0,arXiv:2212.09900 Figure 5 vector PDF,1,pure
5,500,lin,0.2,1.29645997695631,0.0,arXiv:2212.09900 Figure 5 vector PDF,1,pure
5,1000,lin,0.2,1.2862526834100816,0.0,arXiv:2212.09900 Figure 5 vector PDF,1,pure
5,2000,lin,0.2,1.2515367037305767,0.0,arXiv:2212.09900 Figure 5 vector PDF,1,pure
5,5000,lin,0.2,1.2002759287503162,0.0,arXiv:2212.09900 Figure 5 vector PDF,1,pure
5,500,lin,0.5,1.3138460213543914,0.0,arXiv:2212.09900 Figure 5 vector PDF,1,pure
5,1000,lin,0.5,1.3148555260141825,0.0,arXiv:2212.09900 Figure 5 vector PDF,1,pure
5,2000,lin,0.5,1.2967403933220853,0.0,arXiv:2212.09900 Figure 5 vector PDF,1,pure
5,5000,lin,0.5,1.2545091516657965,0.0,arXiv:2212.09900 Figure 5 vector PDF,1,pure
5,500,lin,1.0,1.3205761002780032,0.0,arXiv:2212.09900 Figure 5 vector PDF,1,pure
5,1000,lin,1.0,1.3296056192444734,0.0,arXiv:2212.09900 Figure 5 vector PDF,1,pure
5,2000,lin,1.0,1.3257358130952706,0.0,arXiv:2212.09900 Figure 5 vector PDF,1,pure
5,5000,lin,1.0,1.3145751096484073,0.0,arXiv:2212.09900 Figure 5 vector PDF,1,pure
5,500,lin,5.0,1.3300542911727145,0.0,arXiv:2212.09900 Figure 5 vector PDF,1,pure
5,1000,lin,5.0,1.331232051394971,0.0,arXiv:2212.09900 Figure 5 vector PDF,1,pure
5,2000,lin,5.0,1.3260162438185472,0.0,arXiv:2212.09900 Figure 5 vector PDF,1,pure
5,5000,lin,5.0,1.338074305479394,0.0,arXiv:2212.09900 Figure 5 vector PDF,1,pure
5,500,lin,10.0,1.3326341475813481,0.0,arXiv:2212.09900 Figure 5 vector PDF,1,pure
5,1000,lin,10.0,1.330502963100955,0.0,arXiv:2212.09900 Figure 5 vector PDF,1,pure
5,2000,lin,10.0,1.3346531712584317,0.0,arXiv:2212.09900 Figure 5 vector PDF,1,pure
5,5000,lin,10.0,1.3421123528335608,0.0,arXiv:2212.09900 Figure 5 vector PDF,1,pure
5,500,greedy,0.0,1.5016647434882493,0.0,arXiv:2212.09900 Figure 5 vector PDF,2,0.2
5,1000,greedy,0.0,1.5810999048331695,0.0,arXiv:2212.09900 Figure 5 vector PDF,2,0.2
5,2000,greedy,0.0,1.6441946632356326,0.0,arXiv:2212.09900 Figure 5 vector PDF,2,0.2
5,5000,greedy,0.0,1.7365699232919332,0.0,arXiv:2212.09900 Figure 5 vector PDF,2,0.2
5,500,pess,0.0001,1.5020425564128148,0.0,arXiv:2212.09900 Figure 5 vector PDF,2,0.2
5,1000,pess,0.0001,1.5823277907930011,0.0,arXiv:2212.09900 Figure 5 vector PDF,2,0.2
5,2000,pess,0.0001,1.6436279438487842,0.0,arXiv:2212.09900 Figure 5 vector PDF,2,0.2
5,5000,pess,0.0001,1.7382700814524787,0.0,arXiv:2212.09900 Figure 5 vector PDF,2,0.2
5,500,pess,0.001,1.5092682255726295,0.0,arXiv:2212.09900 Figure 5 vector PDF,2,0.2
5,1000,pess,0.001,1.5882311268068496,0.0,arXiv:2212.09900 Figure 5 vector PDF,2,0.2
5,2000,pess,0.001,1.6551984616411037,0.0,arXiv:2212.09900 Figure 5 vector PDF,2,0.2
5,5000,pess,0.001,1.7358615210358692,0.0,arXiv:2212.09900 Figure 5 vector PDF,2,0.2
5,500,pess,0.01,1.5391626702063828,0.0,arXiv:2212.09900 Figure 5 vector PDF,2,0.2
5,1000,pess,0.01,1.6062244643167851,0.0,arXiv:2212.09900 Figure 5 vector PDF,2,0.2
5,2000,pess,0.01,1.6545845186611878,0.0,arXiv:2212.09900 Figure 5 vector PDF,2,0.2
5,5000,pess,0.01,1.7078089174318767,0.0,arXiv:2212.09900 Figure 5 vector PDF,2,0.2
5,500,pess,0.1,1.4699756814178022,0.0,arXiv:2212.09900 Figure 5 vector PDF,2,0.2
5,1000,pess,0.1,1.498642240091724,0.0,arXiv:2212.09900 Figure 5 vector PDF,2,0.2
5,2000,pess,0.1,1.5156910452902455,0.0,arXiv:2212.09900 Figure 5 vector PDF,2,0.2
5,5000,pess,0.1,1.5389265401510328,0.0,arXiv:2212.09900 Figure 5 vector PDF,2,0.2
5,500,pess,0.2,1.4629861423133377,0.0,arXiv:2212.09900 Figure 5 vector PDF,2,0.2
5,1000,pess,0.2,1.4888663276460845,0.0,arXiv:2212.09900 Figure 5 vector PDF,2,0.2
5,2000,pess,0.2,1.5098821685525452,0.0,arXiv:2212.09900 Figure 5 vector PDF,2,0.2
5,5000,pess,0.2,1.5410989584222785,0.0,arXiv:2212.09900 Figure 5 vector PDF,2,0.2
5,500,pess,0.5,1.4562327332642235,0.0,arXiv:2212.09900 Figure 5 vector PDF,2,0.2
5,1000,pess,0.5,1.4839075360336638,0.0,arXiv:2212.09900 Figure 5 vector PDF,2,0.2
5,2000,pess,0.5,1.5029870766342155,0.0,arXiv:2212.09900 Figure 5 vector PDF,2,0.2
5,5000,pess,0.5,1.531181375197437,0.0,arXiv:2212.09900 Figure 5 vector PDF,2,0.2
5,500,pess,1.0,1.4422064314622272,0.0,arXiv:2212.09900 Figure 5 vector PDF,2,0.2
5,1000,pess,1.0,1.452454604018567,0.0,arXiv:2212.09900 Figure 5 vector PDF,2,0.2
5,2000,pess,1.0,1.4889607748322191,0.0,arXiv:2212.09900 Figure 5 vector PDF,2,0.2
5,5000,pess,1.0,1.5225861251185617,0.0,arXiv:2212.09900 Figure 5 vector PDF,2,0.2
5,500,pess,5.0,1.3390635030558058,0.0,arXiv:2212.09900 Figure 5 vector PDF,2,0.2
5,1000,pess,5.0,1.4048501755232956,0.0,arXiv:2212.09900 Figure 5 vector PDF,2,0.2
5,2000,pess,5.0,1.4478736253307118,0.0,arXiv:2212.09900 Figure 5 vector PDF,2,0.2
5,5000,pess,5.0,1.4936834363892897,0.0,arXiv:2212.09900 Figure 5 vector PDF,2,0.2
5,500,pess,10.0,1.3157335489188704,0.0,arXiv:2212.09900 Figure 5 vector PDF,2,0.2
5,1000,pess,10.0,1.3707525530362392,0.0,arXiv:2212.09900 Figure 5 vector PDF,2,0.2
5,2000,pess,10.0,1.430824808042177,0.0,arXiv:2212.09900 Figure 5 vector PDF,2,0.2
5,5000,pess,10.0,1.4918888310426097,0.0,arXiv:2212.09900 Figure 5 vector PDF,2,0.2
5,500,lin,0.0001,1.102458153001563,0.0,arXiv:2212.09900 Figure 5 vector PDF,2,0.2
5,1000,lin,0.0001,1.1700394429057464,0.0,arXiv:2212.09900 Figure 5 vector PDF,2,0.2
5,2000,lin,0.0001,1.2607145448015014,0.0,arXiv:2212.09900 Figure 5 vector PDF,2,0.2
5,5000,lin,0.0001,1.2900895057314872,0.0,arXiv:2212.09900 Figure 5 vector PDF,2,0.2
5,500,lin,0.001,1.1030721080714923,0.0,arXiv:2212.09900 Figure 5 vector PDF,2,0.2
5,1000,lin,0.001,1.1663085372531572,0.0,arXiv:2212.09900 Figure 5 vector PDF,2,0.2
5,2000,lin,0.001,1.2614229470575653,0.0,arXiv:2212.09900 Figure 5 vector PDF,2,0.2
5,5000,lin,0.001,1.2961345125245376,0.0,arXiv:2212.09900 Figure 5 vector PDF,2,0.2
5,500,lin,0.01,1.1075114038901317,0.0,arXiv:2212.09900 Figure 5 vector PDF,2,0.2
5,1000,lin,0.01,1.1689532277251167,0.0,arXiv:2212.09900 Figure 5 vector PDF,2,0.2
5,2000,lin,0.01,1.2558974239682827,0.0,arXiv:2212.09900 Figure 5 vector PDF,2,0.2
5,5000,lin,0.01,1.284516759049137,0.0,arXiv:2212.09900 Figure 5 vector PDF,2,0.2
5,500,lin,0.1,1.1056223392673035,0.0,arXiv:2212.09900 Figure 5 vector PDF,2,0.2
5,1000,lin,0.1,1.1707478451618103,0.0,arXiv:2212.09900 Figure 5 vector PDF,2,0.2
5,2000,lin,0.1,1.2448936255628116,0.0,arXiv:2212.09900 Figure 5 vector PDF,2,0.2
5,5000,lin,0.1,1.285130702029053,0.0,arXiv:2212.09900 Figure 5 vector PDF,2,0.2
5,500,lin,0.2,1.1077947575385492,0.0,arXiv:2212.09900 Figure 5 vector PDF,2,0.2
5,1000,lin,0.2,1.1764622626233623,0.0,arXiv:2212.09900 Figure 5 vector PDF,2,0.2
5,2000,lin,0.2,1.2603367318769358,0.0,arXiv:2212.09900 Figure 5 vector PDF,2,0.2
5,5000,lin,0.2,1.2922619240027329,0.0,arXiv:2212.09900 Figure 5 vector PDF,2,0.2
5,500,lin,0.5,1.1150204387883773,0.0,arXiv:2212.09900 Figure 5 vector PDF,2,0.2
5,1000,lin,0.5,1.1723535440462074,0.0,arXiv:2212.09900 Figure 5 vector PDF,2,0.2
5,2000,lin,0.5,1.2601006018215857,0.0,arXiv:2212.09900 Figure 5 vector PDF,2,0.2
5,5000,lin,0.5,1.291553521746669,0.0,arXiv:2212.09900 Figure 5 vector PDF,2,0.2
5,500,lin,1.0,1.1182790722402527,0.0,arXiv:2212.09900 Figure 5 vector PDF,2,0.2
5,1000,lin,1.0,1.1756121895880962,0.0,arXiv:2212.09900 Figure 5 vector PDF,2,0.2
5,2000,lin,1.0,1.2580698543295419,0.0,arXiv:2212.09900 Figure 5 vector PDF,2,0.2
5,5000,lin,1.0,1.290939578766753,0.0,arXiv:2212.09900 Figure 5 vector PDF,2,0.2
5,500,lin,5.0,1.1636166231881302,0.0,arXiv:2212.09900 Figure 5 vector PDF,2,0.2
5,1000,lin,5.0,1.204845455558853,0.0,arXiv:2212.09900 Figure 5 vector PDF,2,0.2
5,2000,lin,5.0,1.2602422846908012,0.0,arXiv:2212.09900 Figure 5 vector PDF,2,0.2
5,5000,lin,5.0,1.2907978958975377,0.0,arXiv:2212.09900 Figure 5 vector PDF,2,0.2
5,500,lin,10.0,1.192897124841968,0.0,arXiv:2212.09900 Figure 5 vector PDF,2,0.2
5,1000,lin,10.0,1.2123544904570986,0.0,arXiv:2212.09900 Figure 5 vector PDF,2,0.2
5,2000,lin,10.0,1.2627925158866125,0.0,arXiv:2212.09900 Figure 5 vector PDF,2,0.2
5,5000,lin,10.0,1.2830999545370092,0.0,arXiv:2212.09900 Figure 5 vector PDF,2,0.2
5,500,greedy,0.0,1.4789487323312296,0.0,arXiv:2212.09900 Figure 5 vector PDF,2,0.4
5,1000,greedy,0.0,1.5246168726106055,0.0,arXiv:2212.09900 Figure 5 vector PDF,2,0.4
5,2000,greedy,0.0,1.5504026107572175,0.0,arXiv:2212.09900 Figure 5 vector PDF,2,0.4
5,5000,greedy,0.0,1.5947483937106002,0.0,arXiv:2212.09900 Figure 5 vector PDF,2,0.4
5,500,pess,0.0001,1.4875439824101049,0.0,arXiv:2212.09900 Figure 5 vector PDF,2,0.4
5,1000,pess,0.0001,1.5376986421011876,0.0,arXiv:2212.09900 Figure 5 vector PDF,2,0.4
5,2000,pess,0.0001,1.583036193049065,0.0,arXiv:2212.09900 Figure 5 vector PDF,2,0.4
5,5000,pess,0.0001,1.6248789804897172,0.0,arXiv:2212.09900 Figure 5 vector PDF,2,0.4
5,500,pess,0.001,1.5541335043197932,0.0,arXiv:2212.09900 Figure 5 vector PDF,2,0.4
5,1000,pess,0.001,1.6097664635070914,0.0,arXiv:2212.09900 Figure 5 vector PDF,2,0.4
5,2000,pess,0.001,1.6449502890847638,0.0,arXiv:2212.09900 Figure 5 vector PDF,2,0.4
5,5000,pess,0.001,1.6625658136701338,0.0,arXiv:2212.09900 Figure 5 vector PDF,2,0.4
5,500,pess,0.01,1.5819499778684356,0.0,arXiv:2212.09900 Figure 5 vector PDF,2,0.4
5,1000,pess,0.01,1.6389052822917136,0.0,arXiv:2212.09900 Figure 5 vector PDF,2,0.4
5,2000,pess,0.01,1.6568041726155145,0.0,arXiv:2212.09900 Figure 5 vector PDF,2,0.4
5,5000,pess,0.01,1.6437224031249322,0.0,arXiv:2212.09900 Figure 5 vector PDF,2,0.4
5,500,pess,0.1,1.5823277907930011,0.0,arXiv:2212.09900 Figure 5 vector PDF,2,0.4
5,1000,pess,0.1,1.6273819880924614,0.0,arXiv:2212.09900 Figure 5 vector PDF,2,0.4
5,2000,pess,0.1,1.6324824625740975,0.0,arXiv:2212.09900 Figure 5 vector PDF,2,0.4
5,5000,pess,0.1,1.6022574286088458,0.0,arXiv:2212.09900 Figure 5 vector PDF,2,0.4
5,500,pess,0.2,1.5847363512096106,0.0,arXiv:2212.09900 Figure 5 vector PDF,2,0.4
5,1000,pess,0.2,1.617842205702172,0.0,arXiv:2212.09900 Figure 5 vector PDF,2,0.4
5,2000,pess,0.2,1.618833973696667,0.0,arXiv:2212.09900 Figure 5 vector PDF,2,0.4
5,5000,pess,0.2,1.5739686828594897,0.0,arXiv:2212.09900 Figure 5 vector PDF,2,0.4
5,500,pess,0.5,1.5757633002961833,0.0,arXiv:2212.09900 Figure 5 vector PDF,2,0.4
5,1000,pess,0.5,1.6003211403929503,0.0,arXiv:2212.09900 Figure 5 vector PDF,2,0.4
5,2000,pess,0.5,1.576377243276099,0.0,arXiv:2212.09900 Figure 5 vector PDF,2,0.4
5,5000,pess,0.5,1.5597062510021433,0.0,arXiv:2212.09900 Figure 5 vector PDF,2,0.4
5,500,pess,1.0,1.5438853317634536,0.0,arXiv:2212.09900 Figure 5 vector PDF,2,0.4
5,1000,pess,1.0,1.5720323946435941,0.0,arXiv:2212.09900 Figure 5 vector PDF,2,0.4
5,2000,pess,1.0,1.5640510996346482,0.0,arXiv:2212.09900 Figure 5 vector PDF,2,0.4
5,5000,pess,1.0,1.5513471309786182,0.0,arXiv:2212.09900 Figure 5 vector PDF,2,0.4
5,500,pess,5.0,1.5521027568277495,0.0,arXiv:2212.09900 Figure 5 vector PDF,2,0.4
5,1000,pess,5.0,1.5463883393661975,0.0,arXiv:2212.09900 Figure 5 vector PDF,2,0.4
5,2000,pess,5.0,1.5477106846021773,0.0,arXiv:2212.09900 Figure 5 vector PDF,2,0.4
5,5000,pess,5.0,1.5524333461592479,0.0,arXiv:2212.09900 Figure 5 vector PDF,2,0.4
5,500,pess,10.0,1.5308035622728713,0.0,arXiv:2212.09900 Figure 5 vector PDF,2,0.4
5,1000,pess,10.0,1.5480884975267428,0.0,arXiv:2212.09900 Figure 5 vector PDF,2,0.4
5,2000,pess,10.0,1.5545113172443588,0.0,arXiv:2212.09900 Figure 5 vector PDF,2,0.4
5,5000,pess,10.0,1.5480884975267428,0.0,arXiv:2212.09900 Figure 5 vector PDF,2,0.4
5,500,lin,0.0001,1.102458153001563,0.0,arXiv:2212.09900 Figure 5 vector PDF,2,0.4
5,1000,lin,0.0001,1.1646083790926116,0.0,arXiv:2212.09900 Figure 5 vector PDF,2,0.4
5,2000,lin,0.0001,1.2580698543295419,0.0,arXiv:2212.09900 Figure 5 vector PDF,2,0.4
5,5000,lin,0.0001,1.2945760251431941,0.0,arXiv:2212.09900 Figure 5 vector PDF,2,0.4
5,500,lin,0.001,1.0992939788258358,0.0,arXiv:2212.09900 Figure 5 vector PDF,2,0.4
5,1000,lin,0.001,1.1691893698704803,0.0,arXiv:2212.09900 Figure 5 vector PDF,2,0.4
5,2000,lin,0.001,1.2639731782533767,0.0,arXiv:2212.09900 Figure 5 vector PDF,2,0.4
5,5000,lin,0.001,1.3015655642476585,0.0,arXiv:2212.09900 Figure 5 vector PDF,2,0.4
5,500,lin,0.01,1.0970271012784418,0.0,arXiv:2212.09900 Figure 5 vector PDF,2,0.4
5,1000,lin,0.01,1.164230566168046,0.0,arXiv:2212.09900 Figure 5 vector PDF,2,0.4
5,2000,lin,0.01,1.2633592352734608,0.0,arXiv:2212.09900 Figure 5 vector PDF,2,0.4
5,5000,lin,0.01,1.298212471519635,0.0,arXiv:2212.09900 Figure 5 vector PDF,2,0.4
5,500,lin,0.1,1.1016080799662968,0.0,arXiv:2212.09900 Figure 5 vector PDF,2,0.4
5,1000,lin,0.1,1.163994436112696,0.0,arXiv:2212.09900 Figure 5 vector PDF,2,0.4
5,2000,lin,0.1,1.2607145448015014,0.0,arXiv:2212.09900 Figure 5 vector PDF,2,0.4
5,5000,lin,0.1,1.293820399294063,0.0,arXiv:2212.09900 Figure 5 vector PDF,2,0.4
5,500,lin,0.2,1.102316482222361,0.0,arXiv:2212.09900 Figure 5 vector PDF,2,0.4
5,1000,lin,0.2,1.1694254999258304,0.0,arXiv:2212.09900 Figure 5 vector PDF,2,0.4
5,2000,lin,0.2,1.264209308308727,0.0,arXiv:2212.09900 Figure 5 vector PDF,2,0.4
5,5000,lin,0.2,1.2990625566449145,0.0,arXiv:2212.09900 Figure 5 vector PDF,2,0.4
5,500,lin,0.5,1.1097310578444584,0.0,arXiv:2212.09900 Figure 5 vector PDF,2,0.4
5,1000,lin,0.5,1.1717396010662917,0.0,arXiv:2212.09900 Figure 5 vector PDF,2,0.4
5,2000,lin,0.5,1.261092357726067,0.0,arXiv:2212.09900 Figure 5 vector PDF,2,0.4
5,5000,lin,0.5,1.2905617658421875,0.0,arXiv:2212.09900 Figure 5 vector PDF,2,0.4
5,500,lin,1.0,1.1222933315412593,0.0,arXiv:2212.09900 Figure 5 vector PDF,2,0.4
5,1000,lin,1.0,1.1794847660198875,0.0,arXiv:2212.09900 Figure 5 vector PDF,2,0.4
5,2000,lin,1.0,1.2594866588416698,0.0,arXiv:2212.09900 Figure 5 vector PDF,2,0.4
5,5000,lin,1.0,1.3000070889563287,0.0,arXiv:2212.09900 Figure 5 vector PDF,2,0.4
5,500,lin,5.0,1.1674891996199213,0.0,arXiv:2212.09900 Figure 5 vector PDF,2,0.4
5,1000,lin,5.0,1.2054594106287824,0.0,arXiv:2212.09900 Figure 5 vector PDF,2,0.4
5,2000,lin,5.0,1.2737490906990163,0.0,arXiv:2212.09900 Figure 5 vector PDF,2,0.4
5,5000,lin,5.0,1.2979291178712176,0.0,arXiv:2212.09900 Figure 5 vector PDF,2,0.4
5,500,lin,10.0,1.194691730188648,0.0,arXiv:2212.09900 Figure 5 vector PDF,2,0.4
5,1000,lin,10.0,1.2210441877221085,0.0,arXiv:2212.09900 Figure 5 vector PDF,2,0.4
5,2000,lin,10.0,1.2646815805094407,0.0,arXiv:2212.09900 Figure 5 vector PDF,2,0.4
5,5000,lin,10.0,1.2846584419183527,0.0,arXiv:2212.09900 Figure 5 vector PDF,2,0.4
5,500,greedy,0.0,1.5589978487460794,0.0,arXiv:2212.09900 Figure 5 vector PDF,2,0.6
5,1000,greedy,0.0,1.6260596428564815,0.0,arXiv:2212.09900 Figure 5 vector PDF,2,0.6
5,2000,greedy,0.0,1.6517036981338782,0.0,arXiv:2212.09900 Figure 5 vector PDF,2,0.6
5,5000,greedy,0.0,1.6664384021919385,0.0,arXiv:2212.09900 Figure 5 vector PDF,2,0.6
5,500,pess,0.0001,1.5894590127666812,0.0,arXiv:2212.09900 Figure 5 vector PDF,2,0.6
5,1000,pess,0.0001,1.670688791548295,0.0,arXiv:2212.09900 Figure 5 vector PDF,2,0.6
5,2000,pess,0.0001,1.7309027294234485,0.0,arXiv:2212.09900 Figure 5 vector PDF,2,0.6
5,5000,pess,0.0001,1.807929342441773,0.0,arXiv:2212.09900 Figure 5 vector PDF,2,0.6
5,500,pess,0.001,1.611938881778337,0.0,arXiv:2212.09900 Figure 5 vector PDF,2,0.6
5,1000,pess,0.001,1.6899100271080758,0.0,arXiv:2212.09900 Figure 5 vector PDF,2,0.6
5,2000,pess,0.001,1.7551772158717982,0.0,arXiv:2212.09900 Figure 5 vector PDF,2,0.6
5,5000,pess,0.001,1.8173274298728332,0.0,arXiv:2212.09900 Figure 5 vector PDF,2,0.6
5,500,pess,0.01,1.624737297620502,0.0,arXiv:2212.09900 Figure 5 vector PDF,2,0.6
5,1000,pess,0.01,1.68905995407281,0.0,arXiv:2212.09900 Figure 5 vector PDF,2,0.6
5,2000,pess,0.01,1.7433705559341146,0.0,arXiv:2212.09900 Figure 5 vector PDF,2,0.6
5,5000,pess,0.01,1.7965477190217227,0.0,arXiv:2212.09900 Figure 5 vector PDF,2,0.6
5,500,pess,0.1,1.596590234740361,0.0,arXiv:2212.09900 Figure 5 vector PDF,2,0.6
5,1000,pess,0.1,1.6496729506418344,0.0,arXiv:2212.09900 Figure 5 vector PDF,2,0.6
5,2000,pess,0.1,1.6914685023994056,0.0,arXiv:2212.09900 Figure 5 vector PDF,2,0.6
5,5000,pess,0.1,1.7249521819065463,0.0,arXiv:2212.09900 Figure 5 vector PDF,2,0.6
5,500,pess,0.2,1.5814777177577353,0.0,arXiv:2212.09900 Figure 5 vector PDF,2,0.6
5,1000,pess,0.2,1.6235566352537376,0.0,arXiv:2212.09900 Figure 5 vector PDF,2,0.6
5,2000,pess,0.2,1.6602989361227398,0.0,arXiv:2212.09900 Figure 5 vector PDF,2,0.6
5,5000,pess,0.2,1.7231575644698527,0.0,arXiv:2212.09900 Figure 5 vector PDF,2,0.6
5,500,pess,0.5,1.5693877041716346,0.0,arXiv:2212.09900 Figure 5 vector PDF,2,0.6
5,1000,pess,0.5,1.6147252551195121,0.0,arXiv:2212.09900 Figure 5 vector PDF,2,0.6
5,2000,pess,0.5,1.6524121003899421,0.0,arXiv:2212.09900 Figure 5 vector PDF,2,0.6
5,5000,pess,0.5,1.7195211180934118,0.0,arXiv:2212.09900 Figure 5 vector PDF,2,0.6
5,500,pess,1.0,1.5543696343751434,0.0,arXiv:2212.09900 Figure 5 vector PDF,2,0.6
5,1000,pess,1.0,1.609388650582526,0.0,arXiv:2212.09900 Figure 5 vector PDF,2,0.6
5,2000,pess,1.0,1.6536399863497737,0.0,arXiv:2212.09900 Figure 5 vector PDF,2,0.6
5,5000,pess,1.0,1.7247160397611827,0.0,arXiv:2212.09900 Figure 5 vector PDF,2,0.6
5,500,pess,5.0,1.5752910280954695,0.0,arXiv:2212.09900 Figure 5 vector PDF,2,0.6
5,1000,pess,5.0,1.6201563189326467,0.0,arXiv:2212.09900 Figure 5 vector PDF,2,0.6
5,2000,pess,5.0,1.6578903757061305,0.0,arXiv:2212.09900 Figure 5 vector PDF,2,0.6
5,5000,pess,5.0,1.7229214344145025,0.0,arXiv:2212.09900 Figure 5 vector PDF,2,0.6
5,500,pess,10.0,1.6074523623666301,0.0,arXiv:2212.09900 Figure 5 vector PDF,2,0.6
5,1000,pess,10.0,1.6260596428564815,0.0,arXiv:2212.09900 Figure 5 vector PDF,2,0.6
5,2000,pess,10.0,1.6582209650376287,0.0,arXiv:2212.09900 Figure 5 vector PDF,2,0.6
5,5000,pess,10.0,1.7242437796504824,0.0,arXiv:2212.09900 Figure 5 vector PDF,2,0.6
5,500,lin,0.0001,1.104630583362822,0.0,arXiv:2212.09900 Figure 5 vector PDF,2,0.6
5,1000,lin,0.0001,1.1771706648794262,0.0,arXiv:2212.09900 Figure 5 vector PDF,2,0.6
5,2000,lin,0.0001,1.2639731782533767,0.0,arXiv:2212.09900 Figure 5 vector PDF,2,0.6
5,5000,lin,0.0001,1.295284427399258,0.0,arXiv:2212.09900 Figure 5 vector PDF,2,0.6
5,500,lin,0.001,1.1031665552576269,0.0,arXiv:2212.09900 Figure 5 vector PDF,2,0.6
5,1000,lin,0.001,1.1786346929846214,0.0,arXiv:2212.09900 Figure 5 vector PDF,2,0.6
5,2000,lin,0.001,1.2721906154076863,0.0,arXiv:2212.09900 Figure 5 vector PDF,2,0.6
5,5000,lin,0.001,1.2944343422739786,0.0,arXiv:2212.09900 Figure 5 vector PDF,2,0.6
5,500,lin,0.01,1.1007579948410176,0.0,arXiv:2212.09900 Figure 5 vector PDF,2,0.6
5,1000,lin,0.01,1.1722118732670055,0.0,arXiv:2212.09900 Figure 5 vector PDF,2,0.6
5,2000,lin,0.01,1.2667595515945518,0.0,arXiv:2212.09900 Figure 5 vector PDF,2,0.6
5,5000,lin,0.01,1.2941037650324938,0.0,arXiv:2212.09900 Figure 5 vector PDF,2,0.6
5,500,lin,0.1,1.1104394480105086,0.0,arXiv:2212.09900 Figure 5 vector PDF,2,0.6
5,1000,lin,0.1,1.1773123356586281,0.0,arXiv:2212.09900 Figure 5 vector PDF,2,0.6
5,2000,lin,0.1,1.2627925158866125,0.0,arXiv:2212.09900 Figure 5 vector PDF,2,0.6
5,5000,lin,0.1,1.2945760251431941,0.0,arXiv:2212.09900 Figure 5 vector PDF,2,0.6
5,500,lin,0.2,1.110533907286657,0.0,arXiv:2212.09900 Figure 5 vector PDF,2,0.6
5,1000,lin,0.2,1.1752343766635307,0.0,arXiv:2212.09900 Figure 5 vector PDF,2,0.6
5,2000,lin,0.2,1.268223579699747,0.0,arXiv:2212.09900 Figure 5 vector PDF,2,0.6
5,5000,lin,0.2,1.2956622403238238,0.0,arXiv:2212.09900 Figure 5 vector PDF,2,0.6
5,500,lin,0.5,1.1173345399288386,0.0,arXiv:2212.09900 Figure 5 vector PDF,2,0.6
5,1000,lin,0.5,1.1803348390551534,0.0,arXiv:2212.09900 Figure 5 vector PDF,2,0.6
5,2000,lin,0.5,1.266381738669986,0.0,arXiv:2212.09900 Figure 5 vector PDF,2,0.6
5,5000,lin,0.5,1.3025573322421535,0.0,arXiv:2212.09900 Figure 5 vector PDF,2,0.6
5,500,lin,1.0,1.122765603741973,0.0,arXiv:2212.09900 Figure 5 vector PDF,2,0.6
5,1000,lin,1.0,1.1838296146523923,0.0,arXiv:2212.09900 Figure 5 vector PDF,2,0.6
5,2000,lin,1.0,1.2637370481980266,0.0,arXiv:2212.09900 Figure 5 vector PDF,2,0.6
5,5000,lin,1.0,1.296606772635238,0.0,arXiv:2212.09900 Figure 5 vector PDF,2,0.6
5,500,lin,5.0,1.171361788141726,0.0,arXiv:2212.09900 Figure 5 vector PDF,2,0.6
5,1000,lin,5.0,1.2114099581456845,0.0,arXiv:2212.09900 Figure 5 vector PDF,2,0.6
5,2000,lin,5.0,1.274882529472713,0.0,arXiv:2212.09900 Figure 5 vector PDF,2,0.6
5,5000,lin,5.0,1.291789651802019,0.0,arXiv:2212.09900 Figure 5 vector PDF,2,0.6
5,500,lin,10.0,1.1926609947866178,0.0,arXiv:2212.09900 Figure 5 vector PDF,2,0.6
5,1000,lin,10.0,1.222744345882654,0.0,arXiv:2212.09900 Figure 5 vector PDF,2,0.6
5,2000,lin,10.0,1.2726628755183866,0.0,arXiv:2212.09900 Figure 5 vector PDF,2,0.6
5,5000,lin,10.0,1.2852723848982683,0.0,arXiv:2212.09900 Figure 5 vector PDF,2,0.6
5,500,greedy,0.0,1.604571529749307,0.0,arXiv:2212.09900 Figure 5 vector PDF,2,0.8
5,1000,greedy,0.0,1.6796146309586688,0.0,arXiv:2212.09900 Figure 5 vector PDF,2,0.8
5,2000,greedy,0.0,1.7391201544877444,0.0,arXiv:2212.09900 Figure 5 vector PDF,2,0.8
5,5000,greedy,0.0,1.8164773568375672,0.0,arXiv:2212.09900 Figure 5 vector PDF,2,0.8
5,500,pess,0.0001,1.619542375952731,0.0,arXiv:2212.09900 Figure 5 vector PDF,2,0.8
5,1000,pess,0.0001,1.696568976881042,0.0,arXiv:2212.09900 Figure 5 vector PDF,2,0.8
5,2000,pess,0.0001,1.7576329877914614,0.0,arXiv:2212.09900 Figure 5 vector PDF,2,0.8
5,5000,pess,0.0001,1.8252142776956444,0.0,arXiv:2212.09900 Figure 5 vector PDF,2,0.8
5,500,pess,0.001,1.6235566352537376,0.0,arXiv:2212.09900 Figure 5 vector PDF,2,0.8
5,1000,pess,0.001,1.6941604164644326,0.0,arXiv:2212.09900 Figure 5 vector PDF,2,0.8
5,2000,pess,0.001,1.7449290312254446,0.0,arXiv:2212.09900 Figure 5 vector PDF,2,0.8
5,5000,pess,0.001,1.7692035176737944,0.0,arXiv:2212.09900 Figure 5 vector PDF,2,0.8
5,500,pess,0.01,1.609388650582526,0.0,arXiv:2212.09900 Figure 5 vector PDF,2,0.8
5,1000,pess,0.01,1.6554346037864673,0.0,arXiv:2212.09900 Figure 5 vector PDF,2,0.8
5,2000,pess,0.01,1.6637937117199788,0.0,arXiv:2212.09900 Figure 5 vector PDF,2,0.8
5,5000,pess,0.01,1.6721528196534905,0.0,arXiv:2212.09900 Figure 5 vector PDF,2,0.8
5,500,pess,0.1,1.5510165537371334,0.0,arXiv:2212.09900 Figure 5 vector PDF,2,0.8
5,1000,pess,0.1,1.6075940331458323,0.0,arXiv:2212.09900 Figure 5 vector PDF,2,0.8
5,2000,pess,0.1,1.6275236709616767,0.0,arXiv:2212.09900 Figure 5 vector PDF,2,0.8
5,5000,pess,0.1,1.664029841775329,0.0,arXiv:2212.09900 Figure 5 vector PDF,2,0.8
5,500,pess,0.2,1.5487968997828068,0.0,arXiv:2212.09900 Figure 5 vector PDF,2,0.8
5,1000,pess,0.2,1.6058938749852867,0.0,arXiv:2212.09900 Figure 5 vector PDF,2,0.8
5,2000,pess,0.2,1.6257290535249833,0.0,arXiv:2212.09900 Figure 5 vector PDF,2,0.8
5,5000,pess,0.2,1.6570403026708647,0.0,arXiv:2212.09900 Figure 5 vector PDF,2,0.8
5,500,pess,0.5,1.5353845409607263,0.0,arXiv:2212.09900 Figure 5 vector PDF,2,0.8
5,1000,pess,0.5,1.5940399914545362,0.0,arXiv:2212.09900 Figure 5 vector PDF,2,0.8
5,2000,pess,0.5,1.623414952384522,0.0,arXiv:2212.09900 Figure 5 vector PDF,2,0.8
5,5000,pess,0.5,1.6548678723096053,0.0,arXiv:2212.09900 Figure 5 vector PDF,2,0.8
5,500,pess,1.0,1.5342038785939622,0.0,arXiv:2212.09900 Figure 5 vector PDF,2,0.8
5,1000,pess,1.0,1.5922453861078563,0.0,arXiv:2212.09900 Figure 5 vector PDF,2,0.8
5,2000,pess,1.0,1.6208647090986972,0.0,arXiv:2212.09900 Figure 5 vector PDF,2,0.8
5,5000,pess,1.0,1.656898619801649,0.0,arXiv:2212.09900 Figure 5 vector PDF,2,0.8
5,500,pess,5.0,1.552952841953029,0.0,arXiv:2212.09900 Figure 5 vector PDF,2,0.8
5,1000,pess,5.0,1.6007934005036506,0.0,arXiv:2212.09900 Figure 5 vector PDF,2,0.8
5,2000,pess,5.0,1.6219509242793269,0.0,arXiv:2212.09900 Figure 5 vector PDF,2,0.8
5,5000,pess,5.0,1.6577487049269286,0.0,arXiv:2212.09900 Figure 5 vector PDF,2,0.8
5,500,pess,10.0,1.550166468611854,0.0,arXiv:2212.09900 Figure 5 vector PDF,2,0.8
5,1000,pess,10.0,1.6107109958185055,0.0,arXiv:2212.09900 Figure 5 vector PDF,2,0.8
5,2000,pess,10.0,1.624737297620502,0.0,arXiv:2212.09900 Figure 5 vector PDF,2,0.8
5,5000,pess,10.0,1.6602989361227398,0.0,arXiv:2212.09900 Figure 5 vector PDF,2,0.8
5,500,lin,0.0001,1.102316482222361,0.0,arXiv:2212.09900 Figure 5 vector PDF,2,0.8
5,1000,lin,0.0001,1.1751399173873824,0.0,arXiv:2212.09900 Figure 5 vector PDF,2,0.8
5,2000,lin,0.0001,1.270254315101777,0.0,arXiv:2212.09900 Figure 5 vector PDF,2,0.8
5,5000,lin,0.0001,1.295284427399258,0.0,arXiv:2212.09900 Figure 5 vector PDF,2,0.8
5,500,lin,0.001,1.0976410442583577,0.0,arXiv:2212.09900 Figure 5 vector PDF,2,0.8
5,1000,lin,0.001,1.1766983926787125,0.0,arXiv:2212.09900 Figure 5 vector PDF,2,0.8
5,2000,lin,0.001,1.265437206358572,0.0,arXiv:2212.09900 Figure 5 vector PDF,2,0.8
5,5000,lin,0.001,1.292498054058083,0.0,arXiv:2212.09900 Figure 5 vector PDF,2,0.8
5,500,lin,0.01,1.1001440518611016,0.0,arXiv:2212.09900 Figure 5 vector PDF,2,0.8
5,1000,lin,0.01,1.1771706648794262,0.0,arXiv:2212.09900 Figure 5 vector PDF,2,0.8
5,2000,lin,0.01,1.276441004764043,0.0,arXiv:2212.09900 Figure 5 vector PDF,2,0.8
5,5000,lin,0.01,1.298779202996497,0.0,arXiv:2212.09900 Figure 5 vector PDF,2,0.8
5,500,lin,0.1,1.1006635476548827,0.0,arXiv:2212.09900 Figure 5 vector PDF,2,0.8
5,1000,lin,0.1,1.1812793834565811,0.0,arXiv:2212.09900 Figure 5 vector PDF,2,0.8
5,2000,lin,0.1,1.2747408466034977,0.0,arXiv:2212.09900 Figure 5 vector PDF,2,0.8
5,5000,lin,0.1,1.2918841110781671,0.0,arXiv:2212.09900 Figure 5 vector PDF,2,0.8
5,500,lin,0.2,1.1071808145586335,0.0,arXiv:2212.09900 Figure 5 vector PDF,2,0.8
5,1000,lin,0.2,1.1832156716724767,0.0,arXiv:2212.09900 Figure 5 vector PDF,2,0.8
5,2000,lin,0.2,1.2740324443474336,0.0,arXiv:2212.09900 Figure 5 vector PDF,2,0.8
5,5000,lin,0.2,1.2892394206062077,0.0,arXiv:2212.09900 Figure 5 vector PDF,2,0.8
5,500,lin,0.5,1.111997935391852,0.0,arXiv:2212.09900 Figure 5 vector PDF,2,0.8
5,1000,lin,0.5,1.1838296146523923,0.0,arXiv:2212.09900 Figure 5 vector PDF,2,0.8
5,2000,lin,0.5,1.2711044002270566,0.0,arXiv:2212.09900 Figure 5 vector PDF,2,0.8
5,5000,lin,0.5,1.3026517794282881,0.0,arXiv:2212.09900 Figure 5 vector PDF,2,0.8
5,500,lin,1.0,1.1231434166665388,0.0,arXiv:2212.09900 Figure 5 vector PDF,2,0.8
5,1000,lin,1.0,1.1870882481042677,0.0,arXiv:2212.09900 Figure 5 vector PDF,2,0.8
5,2000,lin,1.0,1.2747408466034977,0.0,arXiv:2212.09900 Figure 5 vector PDF,2,0.8
5,5000,lin,1.0,1.2924036068719484,0.0,arXiv:2212.09900 Figure 5 vector PDF,2,0.8
5,500,lin,5.0,1.1746204215936014,0.0,arXiv:2212.09900 Figure 5 vector PDF,2,0.8
5,1000,lin,5.0,1.2083874547491593,0.0,arXiv:2212.09900 Figure 5 vector PDF,2,0.8
5,2000,lin,5.0,1.2678457667751815,0.0,arXiv:2212.09900 Figure 5 vector PDF,2,0.8
5,5000,lin,5.0,1.290231176510689,0.0,arXiv:2212.09900 Figure 5 vector PDF,2,0.8
5,500,lin,10.0,1.1983281886551025,0.0,arXiv:2212.09900 Figure 5 vector PDF,2,0.8
5,1000,lin,10.0,1.2363928347600845,0.0,arXiv:2212.09900 Figure 5 vector PDF,2,0.8
5,2000,lin,10.0,1.2645871212332924,0.0,arXiv:2212.09900 Figure 5 vector PDF,2,0.8
5,5000,lin,10.0,1.2918841110781671,0.0,arXiv:2212.09900 Figure 5 vector PDF,2,0.8
5,500,greedy,0.0,1.638763599422498,0.0,arXiv:2212.09900 Figure 5 vector PDF,2,pure
5,1000,greedy,0.0,1.687359783822251,0.0,arXiv:2212.09900 Figure 5 vector PDF,2,pure
5,2000,greedy,0.0,1.7242437796504824,0.0,arXiv:2212.09900 Figure 5 vector PDF,2,pure
5,5000,greedy,0.0,1.6853290484202208,0.0,arXiv:2212.09900 Figure 5 vector PDF,2,pure
5,500,pess,0.0001,1.641313842708323,0.0,arXiv:2212.09900 Figure 5 vector PDF,2,pure
5,1000,pess,0.0001,1.7112092337529674,0.0,arXiv:2212.09900 Figure 5 vector PDF,2,pure
5,2000,pess,0.0001,1.764764209765141,0.0,arXiv:2212.09900 Figure 5 vector PDF,2,pure
5,5000,pess,0.0001,1.8330539019253884,0.0,arXiv:2212.09900 Figure 5 vector PDF,2,pure
5,500,pess,0.001,1.6368273112066025,0.0,arXiv:2212.09900 Figure 5 vector PDF,2,pure
5,1000,pess,0.001,1.7078089174318767,0.0,arXiv:2212.09900 Figure 5 vector PDF,2,pure
5,2000,pess,0.001,1.7628279215492457,0.0,arXiv:2212.09900 Figure 5 vector PDF,2,pure
5,5000,pess,0.001,1.8323454996693245,0.0,arXiv:2212.09900 Figure 5 vector PDF,2,pure
5,500,pess,0.01,1.60164348562893,0.0,arXiv:2212.09900 Figure 5 vector PDF,2,pure
5,1000,pess,0.01,1.6806063868631502,0.0,arXiv:2212.09900 Figure 5 vector PDF,2,pure
5,2000,pess,0.01,1.744787348356229,0.0,arXiv:2212.09900 Figure 5 vector PDF,2,pure
5,5000,pess,0.01,1.8075515295172073,0.0,arXiv:2212.09900 Figure 5 vector PDF,2,pure
5,500,pess,0.1,1.5487968997828068,0.0,arXiv:2212.09900 Figure 5 vector PDF,2,pure
5,1000,pess,0.1,1.6066022772413509,0.0,arXiv:2212.09900 Figure 5 vector PDF,2,pure
5,2000,pess,0.1,1.649389596993417,0.0,arXiv:2212.09900 Figure 5 vector PDF,2,pure
5,5000,pess,0.1,1.7339252328199737,0.0,arXiv:2212.09900 Figure 5 vector PDF,2,pure
5,500,pess,0.2,1.540107202517797,0.0,arXiv:2212.09900 Figure 5 vector PDF,2,pure
5,1000,pess,0.2,1.6026352415334115,0.0,arXiv:2212.09900 Figure 5 vector PDF,2,pure
5,2000,pess,0.2,1.6471227194460232,0.0,arXiv:2212.09900 Figure 5 vector PDF,2,pure
5,5000,pess,0.2,1.7298165142428188,0.0,arXiv:2212.09900 Figure 5 vector PDF,2,pure
5,500,pess,0.5,1.533684382800181,0.0,arXiv:2212.09900 Figure 5 vector PDF,2,pure
5,1000,pess,0.5,1.596354104685011,0.0,arXiv:2212.09900 Figure 5 vector PDF,2,pure
5,2000,pess,0.5,1.6374412541865182,0.0,arXiv:2212.09900 Figure 5 vector PDF,2,pure
5,5000,pess,0.5,1.7260383849971623,0.0,arXiv:2212.09900 Figure 5 vector PDF,2,pure
5,500,pess,1.0,1.5405794747185109,0.0,arXiv:2212.09900 Figure 5 vector PDF,2,pure
5,1000,pess,1.0,1.5962124218157956,0.0,arXiv:2212.09900 Figure 5 vector PDF,2,pure
5,2000,pess,1.0,1.6501452228425484,0.0,arXiv:2212.09900 Figure 5 vector PDF,2,pure
5,5000,pess,1.0,1.728352498227637,0.0,arXiv:2212.09900 Figure 5 vector PDF,2,pure
5,500,pess,5.0,1.5559753453495542,0.0,arXiv:2212.09900 Figure 5 vector PDF,2,pure
5,1000,pess,5.0,1.6100970528385898,0.0,arXiv:2212.09900 Figure 5 vector PDF,2,pure
5,2000,pess,5.0,1.6534983034805582,0.0,arXiv:2212.09900 Figure 5 vector PDF,2,pure
5,5000,pess,5.0,1.7298165142428188,0.0,arXiv:2212.09900 Figure 5 vector PDF,2,pure
5,500,pess,10.0,1.549316395576588,0.0,arXiv:2212.09900 Figure 5 vector PDF,2,pure
5,1000,pess,10.0,1.6100970528385898,0.0,arXiv:2212.09900 Figure 5 vector PDF,2,pure
5,2000,pess,10.0,1.6536399863497737,0.0,arXiv:2212.09900 Figure 5 vector PDF,2,pure
5,5000,pess,10.0,1.7295803841874686,0.0,arXiv:2212.09900 Figure 5 vector PDF,2,pure
5,500,lin,0.0001,1.1026942951469265,0.0,arXiv:2212.09900 Figure 5 vector PDF,2,pure
5,1000,lin,0.0001,1.1771706648794262,0.0,arXiv:2212.09900 Figure 5 vector PDF,2,pure
5,2000,lin,0.0001,1.2695459249357268,0.0,arXiv:2212.09900 Figure 5 vector PDF,2,pure
5,5000,lin,0.0001,1.2973623984843692,0.0,arXiv:2212.09900 Figure 5 vector PDF,2,pure
5,500,lin,0.001,1.1019858928908626,0.0,arXiv:2212.09900 Figure 5 vector PDF,2,pure
5,1000,lin,0.001,1.1722118732670055,0.0,arXiv:2212.09900 Figure 5 vector PDF,2,pure
5,2000,lin,0.001,1.270254315101777,0.0,arXiv:2212.09900 Figure 5 vector PDF,2,pure
5,5000,lin,0.001,1.296606772635238,0.0,arXiv:2212.09900 Figure 5 vector PDF,2,pure
5,500,lin,0.01,1.1057167985434517,0.0,arXiv:2212.09900 Figure 5 vector PDF,2,pure
5,1000,lin,0.01,1.1746204215936014,0.0,arXiv:2212.09900 Figure 5 vector PDF,2,pure
5,2000,lin,0.01,1.2638787310672421,0.0,arXiv:2212.09900 Figure 5 vector PDF,2,pure
5,5000,lin,0.01,1.2941982122186284,0.0,arXiv:2212.09900 Figure 5 vector PDF,2,pure
5,500,lin,0.1,1.1060946114680175,0.0,arXiv:2212.09900 Figure 5 vector PDF,2,pure
5,1000,lin,0.1,1.1804292983313016,0.0,arXiv:2212.09900 Figure 5 vector PDF,2,pure
5,2000,lin,0.1,1.2615646178367674,0.0,arXiv:2212.09900 Figure 5 vector PDF,2,pure
5,5000,lin,0.1,1.2939620821632782,0.0,arXiv:2212.09900 Figure 5 vector PDF,2,pure
5,500,lin,0.2,1.108030899683913,0.0,arXiv:2212.09900 Figure 5 vector PDF,2,pure
5,1000,lin,0.2,1.1708895159410122,0.0,arXiv:2212.09900 Figure 5 vector PDF,2,pure
5,2000,lin,0.2,1.2638787310672421,0.0,arXiv:2212.09900 Figure 5 vector PDF,2,pure
5,5000,lin,0.2,1.2973623984843692,0.0,arXiv:2212.09900 Figure 5 vector PDF,2,pure
5,500,lin,0.5,1.1109117202112226,0.0,arXiv:2212.09900 Figure 5 vector PDF,2,pure
5,1000,lin,0.5,1.1804292983313016,0.0,arXiv:2212.09900 Figure 5 vector PDF,2,pure
5,2000,lin,0.5,1.268931981955811,0.0,arXiv:2212.09900 Figure 5 vector PDF,2,pure
5,5000,lin,0.5,1.2958983703791738,0.0,arXiv:2212.09900 Figure 5 vector PDF,2,pure
5,500,lin,1.0,1.1239934897018047,0.0,arXiv:2212.09900 Figure 5 vector PDF,2,pure
5,1000,lin,1.0,1.1804292983313016,0.0,arXiv:2212.09900 Figure 5 vector PDF,2,pure
5,2000,lin,1.0,1.2667595515945518,0.0,arXiv:2212.09900 Figure 5 vector PDF,2,pure
5,5000,lin,1.0,1.2958983703791738,0.0,arXiv:2212.09900 Figure 5 vector PDF,2,pure
5,500,lin,5.0,1.1754705067188809,0.0,arXiv:2212.09900 Figure 5 vector PDF,2,pure
5,1000,lin,5.0,1.2138185185622938,0.0,arXiv:2212.09900 Figure 5 vector PDF,2,pure
5,2000,lin,5.0,1.2721906154076863,0.0,arXiv:2212.09900 Figure 5 vector PDF,2,pure
5,5000,lin,5.0,1.2926397369272986,0.0,arXiv:2212.09900 Figure 5 vector PDF,2,pure
5,500,lin,10.0,1.2006422897955635,0.0,arXiv:2212.09900 Figure 5 vector PDF,2,pure
5,1000,lin,10.0,1.2311979130923136,0.0,arXiv:2212.09900 Figure 5 vector PDF,2,pure
5,2000,lin,10.0,1.2648232633786562,0.0,arXiv:2212.09900 Figure 5 vector PDF,2,pure
5,5000,lin,10.0,1.2918841110781671,0.0,arXiv:2212.09900 Figure 5 vector PDF,2,pure
5,500,greedy,0.0,1.4611374942633446,0.0,arXiv:2212.09900 Figure 5 vector PDF,3,0.2
5,1000,greedy,0.0,1.5677535123150312,0.0,arXiv:2212.09900 Figure 5 vector PDF,3,0.2
5,2000,greedy,0.0,1.6497414874933918,0.0,arXiv:2212.09900 Figure 5 vector PDF,3,0.2
5,5000,greedy,0.0,1.7092539916315064,0.0,arXiv:2212.09900 Figure 5 vector PDF,3,0.2
5,500,pess,0.0001,1.449424931011482,0.0,arXiv:2212.09900 Figure 5 vector PDF,3,0.2
5,1000,pess,0.0001,1.5583834584720089,0.0,arXiv:2212.09900 Figure 5 vector PDF,3,0.2
5,2000,pess,0.0001,1.6460061241391906,0.0,arXiv:2212.09900 Figure 5 vector PDF,3,0.2
5,5000,pess,0.0001,1.7057085658530655,0.0,arXiv:2212.09900 Figure 5 vector PDF,3,0.2
5,500,pess,0.001,1.4380922267034788,0.0,arXiv:2212.09900 Figure 5 vector PDF,3,0.2
5,1000,pess,0.001,1.5535085020785677,0.0,arXiv:2212.09900 Figure 5 vector PDF,3,0.2
5,2000,pess,0.001,1.6426506359365098,0.0,arXiv:2212.09900 Figure 5 vector PDF,3,0.2
5,5000,pess,0.001,1.7086208717815259,0.0,arXiv:2212.09900 Figure 5 vector PDF,3,0.2
5,500,pess,0.01,1.3753508486080832,0.0,arXiv:2212.09900 Figure 5 vector PDF,3,0.2
5,1000,pess,0.01,1.513939021996098,0.0,arXiv:2212.09900 Figure 5 vector PDF,3,0.2
5,2000,pess,0.01,1.6013084267571591,0.0,arXiv:2212.09900 Figure 5 vector PDF,3,0.2
5,5000,pess,0.01,1.6638598834844553,0.0,arXiv:2212.09900 Figure 5 vector PDF,3,0.2
5,500,pess,0.1,0.9949773115210685,0.0,arXiv:2212.09900 Figure 5 vector PDF,3,0.2
5,1000,pess,0.1,1.1587000171793296,0.0,arXiv:2212.09900 Figure 5 vector PDF,3,0.2
5,2000,pess,0.1,1.3124828562672877,0.0,arXiv:2212.09900 Figure 5 vector PDF,3,0.2
5,5000,pess,0.1,1.4392318197427187,0.0,arXiv:2212.09900 Figure 5 vector PDF,3,0.2
5,500,pess,0.2,0.9601561735866402,0.0,arXiv:2212.09900 Figure 5 vector PDF,3,0.2
5,1000,pess,0.2,1.1322359380864226,0.0,arXiv:2212.09900 Figure 5 vector PDF,3,0.2
5,2000,pess,0.2,1.2956420919235239,0.0,arXiv:2212.09900 Figure 5 vector PDF,3,0.2
5,5000,pess,0.2,1.439738309139639,0.0,arXiv:2212.09900 Figure 5 vector PDF,3,0.2
5,500,pess,0.5,0.9617389489001005,0.0,arXiv:2212.09900 Figure 5 vector PDF,3,0.2
5,1000,pess,0.5,1.1290070803368024,0.0,arXiv:2212.09900 Figure 5 vector PDF,3,0.2
5,2000,pess,0.5,1.3011501519592847,0.0,arXiv:2212.09900 Figure 5 vector PDF,3,0.2
5,5000,pess,0.5,1.434863352746198,0.0,arXiv:2212.09900 Figure 5 vector PDF,3,0.2
5,500,pess,1.0,0.9622454382970206,0.0,arXiv:2212.09900 Figure 5 vector PDF,3,0.2
5,1000,pess,1.0,1.1358446709875634,0.0,arXiv:2212.09900 Figure 5 vector PDF,3,0.2
5,2000,pess,1.0,1.3046955777377256,0.0,arXiv:2212.09900 Figure 5 vector PDF,3,0.2
5,5000,pess,1.0,1.430811437570837,0.0,arXiv:2212.09900 Figure 5 vector PDF,3,0.2
5,500,pess,5.0,0.9823150765980654,0.0,arXiv:2212.09900 Figure 5 vector PDF,3,0.2
5,1000,pess,5.0,1.1524955139632278,0.0,arXiv:2212.09900 Figure 5 vector PDF,3,0.2
5,2000,pess,5.0,1.305328697587706,0.0,arXiv:2212.09900 Figure 5 vector PDF,3,0.2
5,5000,pess,5.0,1.4382821642792392,0.0,arXiv:2212.09900 Figure 5 vector PDF,3,0.2
5,500,pess,10.0,0.9921916198380079,0.0,arXiv:2212.09900 Figure 5 vector PDF,3,0.2
5,1000,pess,10.0,1.1637015878181702,0.0,arXiv:2212.09900 Figure 5 vector PDF,3,0.2
5,2000,pess,10.0,1.305835186984626,0.0,arXiv:2212.09900 Figure 5 vector PDF,3,0.2
5,5000,pess,10.0,1.4380922267034788,0.0,arXiv:2212.09900 Figure 5 vector PDF,3,0.2
5,500,lin,0.0001,1.1718054181688924,0.0,arXiv:2212.09900 Figure 5 vector PDF,3,0.2
5,1000,lin,0.0001,1.1763638227411735,0.0,arXiv:2212.09900 Figure 5 vector PDF,3,0.2
5,2000,lin,0.0001,1.148316984542467,0.0,arXiv:2212.09900 Figure 5 vector PDF,3,0.2
5,5000,lin,0.0001,1.1014667153273554,0.0,arXiv:2212.09900 Figure 5 vector PDF,3,0.2
5,500,lin,0.001,1.1700327214873325,0.0,arXiv:2212.09900 Figure 5 vector PDF,3,0.2
5,1000,lin,0.001,1.1742112509080933,0.0,arXiv:2212.09900 Figure 5 vector PDF,3,0.2
5,2000,lin,0.001,1.1504062492528473,0.0,arXiv:2212.09900 Figure 5 vector PDF,3,0.2
5,5000,lin,0.001,1.1014667153273554,0.0,arXiv:2212.09900 Figure 5 vector PDF,3,0.2
5,500,lin,0.01,1.1709823769508123,0.0,arXiv:2212.09900 Figure 5 vector PDF,3,0.2
5,1000,lin,0.01,1.1752242297019335,0.0,arXiv:2212.09900 Figure 5 vector PDF,3,0.2
5,2000,lin,0.01,1.1460377822563264,0.0,arXiv:2212.09900 Figure 5 vector PDF,3,0.2
5,5000,lin,0.01,1.1024163707908352,0.0,arXiv:2212.09900 Figure 5 vector PDF,3,0.2
5,500,lin,0.1,1.1690197426934923,0.0,arXiv:2212.09900 Figure 5 vector PDF,3,0.2
5,1000,lin,0.1,1.1729450274157929,0.0,arXiv:2212.09900 Figure 5 vector PDF,3,0.2
5,2000,lin,0.1,1.1431254601202054,0.0,arXiv:2212.09900 Figure 5 vector PDF,3,0.2
5,5000,lin,0.1,1.1001371847123553,0.0,arXiv:2212.09900 Figure 5 vector PDF,3,0.2
5,500,lin,0.2,1.1672470135966113,0.0,arXiv:2212.09900 Figure 5 vector PDF,3,0.2
5,1000,lin,0.2,1.1711723145265724,0.0,arXiv:2212.09900 Figure 5 vector PDF,3,0.2
5,2000,lin,0.2,1.141036195409825,0.0,arXiv:2212.09900 Figure 5 vector PDF,3,0.2
5,5000,lin,0.2,1.0980479037943143,0.0,arXiv:2212.09900 Figure 5 vector PDF,3,0.2
5,500,lin,0.5,1.1594597512747098,0.0,arXiv:2212.09900 Figure 5 vector PDF,3,0.2
5,1000,lin,0.5,1.1662973581331315,0.0,arXiv:2212.09900 Figure 5 vector PDF,3,0.2
5,2000,lin,0.5,1.1354648120437036,0.0,arXiv:2212.09900 Figure 5 vector PDF,3,0.2
5,5000,lin,0.5,1.0912736040585924,0.0,arXiv:2212.09900 Figure 5 vector PDF,3,0.2
5,500,lin,1.0,1.1434420119413653,0.0,arXiv:2212.09900 Figure 5 vector PDF,3,0.2
5,1000,lin,1.0,1.1533185713889684,0.0,arXiv:2212.09900 Figure 5 vector PDF,3,0.2
5,2000,lin,1.0,1.1222327806010806,0.0,arXiv:2212.09900 Figure 5 vector PDF,3,0.2
5,5000,lin,1.0,1.0787379995886497,0.0,arXiv:2212.09900 Figure 5 vector PDF,3,0.2
5,500,lin,5.0,1.0009918771614104,0.0,arXiv:2212.09900 Figure 5 vector PDF,3,0.2
5,1000,lin,5.0,1.0199219224232152,0.0,arXiv:2212.09900 Figure 5 vector PDF,3,0.2
5,2000,lin,5.0,0.9970665762314489,0.0,arXiv:2212.09900 Figure 5 vector PDF,3,0.2
5,5000,lin,5.0,0.9648411924043211,0.0,arXiv:2212.09900 Figure 5 vector PDF,3,0.2
5,500,lin,10.0,0.8665822494018166,0.0,arXiv:2212.09900 Figure 5 vector PDF,3,0.2
5,1000,lin,10.0,0.890767126208583,0.0,arXiv:2212.09900 Figure 5 vector PDF,3,0.2
5,2000,lin,10.0,0.9060251152388866,0.0,arXiv:2212.09900 Figure 5 vector PDF,3,0.2
5,5000,lin,10.0,0.9107101502642281,0.0,arXiv:2212.09900 Figure 5 vector PDF,3,0.2
5,500,greedy,0.0,1.148316984542467,0.0,arXiv:2212.09900 Figure 5 vector PDF,3,0.4
5,1000,greedy,0.0,1.2876648758182014,0.0,arXiv:2212.09900 Figure 5 vector PDF,3,0.4
5,2000,greedy,0.0,1.4140972874724727,0.0,arXiv:2212.09900 Figure 5 vector PDF,3,0.4
5,5000,greedy,0.0,1.531286275736782,0.0,arXiv:2212.09900 Figure 5 vector PDF,3,0.4
5,500,pess,0.0001,1.11944708891802,0.0,arXiv:2212.09900 Figure 5 vector PDF,3,0.4
5,1000,pess,0.0001,1.2563891474545534,0.0,arXiv:2212.09900 Figure 5 vector PDF,3,0.4
5,2000,pess,0.0001,1.3930146703775876,0.0,arXiv:2212.09900 Figure 5 vector PDF,3,0.4
5,5000,pess,0.0001,1.5244486688783603,0.0,arXiv:2212.09900 Figure 5 vector PDF,3,0.4
5,500,pess,0.001,1.0635433176810458,0.0,arXiv:2212.09900 Figure 5 vector PDF,3,0.4
5,1000,pess,0.001,1.1345151403725633,0.0,arXiv:2212.09900 Figure 5 vector PDF,3,0.4
5,2000,pess,0.001,1.192381562074518,0.0,arXiv:2212.09900 Figure 5 vector PDF,3,0.4
5,5000,pess,0.001,1.2254299871197258,0.0,arXiv:2212.09900 Figure 5 vector PDF,3,0.4
5,500,pess,0.01,0.8306215022204877,0.0,arXiv:2212.09900 Figure 5 vector PDF,3,0.4
5,1000,pess,0.01,0.8853856804182217,0.0,arXiv:2212.09900 Figure 5 vector PDF,3,0.4
5,2000,pess,0.01,0.9578769713004996,0.0,arXiv:2212.09900 Figure 5 vector PDF,3,0.4
5,5000,pess,0.01,1.0945024780158734,0.0,arXiv:2212.09900 Figure 5 vector PDF,3,0.4
5,500,pess,0.1,0.7530020102463088,0.0,arXiv:2212.09900 Figure 5 vector PDF,3,0.4
5,1000,pess,0.1,0.8262530352239668,0.0,arXiv:2212.09900 Figure 5 vector PDF,3,0.4
5,2000,pess,0.1,0.9270444252110718,0.0,arXiv:2212.09900 Figure 5 vector PDF,3,0.4
5,5000,pess,0.1,1.0858921582682313,0.0,arXiv:2212.09900 Figure 5 vector PDF,3,0.4
5,500,pess,0.2,0.7463543247559865,0.0,arXiv:2212.09900 Figure 5 vector PDF,3,0.4
5,1000,pess,0.2,0.8212514483774653,0.0,arXiv:2212.09900 Figure 5 vector PDF,3,0.4
5,2000,pess,0.2,0.9264113215687519,0.0,arXiv:2212.09900 Figure 5 vector PDF,3,0.4
5,5000,pess,0.2,1.0760156150282887,0.0,arXiv:2212.09900 Figure 5 vector PDF,3,0.4
5,500,pess,0.5,0.7476205644559475,0.0,arXiv:2212.09900 Figure 5 vector PDF,3,0.4
5,1000,pess,0.5,0.8202384695836251,0.0,arXiv:2212.09900 Figure 5 vector PDF,3,0.4
5,2000,pess,0.5,0.9273609770322317,0.0,arXiv:2212.09900 Figure 5 vector PDF,3,0.4
5,5000,pess,0.5,1.0772818385205891,0.0,arXiv:2212.09900 Figure 5 vector PDF,3,0.4
5,500,pess,1.0,0.7523688903963283,0.0,arXiv:2212.09900 Figure 5 vector PDF,3,0.4
5,1000,pess,1.0,0.8227076094455259,0.0,arXiv:2212.09900 Figure 5 vector PDF,3,0.4
5,2000,pess,1.0,0.9255882641430113,0.0,arXiv:2212.09900 Figure 5 vector PDF,3,0.4
5,5000,pess,1.0,1.0760156150282887,0.0,arXiv:2212.09900 Figure 5 vector PDF,3,0.4
5,500,pess,5.0,0.7533185620674686,0.0,arXiv:2212.09900 Figure 5 vector PDF,3,0.4
5,1000,pess,5.0,0.8369526196819893,0.0,arXiv:2212.09900 Figure 5 vector PDF,3,0.4
5,2000,pess,5.0,0.9319193816045128,0.0,arXiv:2212.09900 Figure 5 vector PDF,3,0.4
5,5000,pess,5.0,1.0972248625762342,0.0,arXiv:2212.09900 Figure 5 vector PDF,3,0.4
5,500,pess,10.0,0.7515458491782482,0.0,arXiv:2212.09900 Figure 5 vector PDF,3,0.4
5,1000,pess,10.0,0.8363195160396695,0.0,arXiv:2212.09900 Figure 5 vector PDF,3,0.4
5,2000,pess,10.0,0.9409728836263753,0.0,arXiv:2212.09900 Figure 5 vector PDF,3,0.4
5,5000,pess,10.0,1.0993774344093143,0.0,arXiv:2212.09900 Figure 5 vector PDF,3,0.4
5,500,lin,0.0001,1.181555347163435,0.0,arXiv:2212.09900 Figure 5 vector PDF,3,0.4
5,1000,lin,0.0001,1.1356547496194638,0.0,arXiv:2212.09900 Figure 5 vector PDF,3,0.4
5,2000,lin,0.0001,1.0965917589339145,0.0,arXiv:2212.09900 Figure 5 vector PDF,3,0.4
5,5000,lin,0.0001,1.053476836865343,0.0,arXiv:2212.09900 Figure 5 vector PDF,3,0.4
5,500,lin,0.001,1.1805423683695948,0.0,arXiv:2212.09900 Figure 5 vector PDF,3,0.4
5,1000,lin,0.001,1.136984280234464,0.0,arXiv:2212.09900 Figure 5 vector PDF,3,0.4
5,2000,lin,0.001,1.0974148001519943,0.0,arXiv:2212.09900 Figure 5 vector PDF,3,0.4
5,5000,lin,0.001,1.0531602850441832,0.0,arXiv:2212.09900 Figure 5 vector PDF,3,0.4
5,500,lin,0.01,1.1794027591226943,0.0,arXiv:2212.09900 Figure 5 vector PDF,3,0.4
5,1000,lin,0.01,1.1347050779483234,0.0,arXiv:2212.09900 Figure 5 vector PDF,3,0.4
5,2000,lin,0.01,1.096465128480854,0.0,arXiv:2212.09900 Figure 5 vector PDF,3,0.4
5,5000,lin,0.01,1.0528437332230234,0.0,arXiv:2212.09900 Figure 5 vector PDF,3,0.4
5,500,lin,0.1,1.1758573333442535,0.0,arXiv:2212.09900 Figure 5 vector PDF,3,0.4
5,1000,lin,0.1,1.1335654849090835,0.0,arXiv:2212.09900 Figure 5 vector PDF,3,0.4
5,2000,lin,0.1,1.0931729474008731,0.0,arXiv:2212.09900 Figure 5 vector PDF,3,0.4
5,5000,lin,0.1,1.050247962908062,0.0,arXiv:2212.09900 Figure 5 vector PDF,3,0.4
5,500,lin,0.2,1.1698427839115724,0.0,arXiv:2212.09900 Figure 5 vector PDF,3,0.4
5,1000,lin,0.2,1.1296401839791221,0.0,arXiv:2212.09900 Figure 5 vector PDF,3,0.4
5,2000,lin,0.2,1.0894375840466721,0.0,arXiv:2212.09900 Figure 5 vector PDF,3,0.4
5,5000,lin,0.2,1.047842146376522,0.0,arXiv:2212.09900 Figure 5 vector PDF,3,0.4
5,500,lin,0.5,1.1602827924927899,0.0,arXiv:2212.09900 Figure 5 vector PDF,3,0.4
5,1000,lin,0.5,1.1196370102861193,0.0,arXiv:2212.09900 Figure 5 vector PDF,3,0.4
5,2000,lin,0.5,1.0782948173144293,0.0,arXiv:2212.09900 Figure 5 vector PDF,3,0.4
5,5000,lin,0.5,1.0392318266288798,0.0,arXiv:2212.09900 Figure 5 vector PDF,3,0.4
5,500,lin,1.0,1.1325525061152433,0.0,arXiv:2212.09900 Figure 5 vector PDF,3,0.4
5,1000,lin,1.0,1.1000105542592948,0.0,arXiv:2212.09900 Figure 5 vector PDF,3,0.4
5,2000,lin,1.0,1.0604410741768253,0.0,arXiv:2212.09900 Figure 5 vector PDF,3,0.4
5,5000,lin,1.0,1.0264429612528163,0.0,arXiv:2212.09900 Figure 5 vector PDF,3,0.4
5,500,lin,5.0,0.9307797885652729,0.0,arXiv:2212.09900 Figure 5 vector PDF,3,0.4
5,1000,lin,5.0,0.9307797885652729,0.0,arXiv:2212.09900 Figure 5 vector PDF,3,0.4
5,2000,lin,5.0,0.9390735564917552,0.0,arXiv:2212.09900 Figure 5 vector PDF,3,0.4
5,5000,lin,5.0,0.931602829783353,0.0,arXiv:2212.09900 Figure 5 vector PDF,3,0.4
5,500,lin,10.0,0.8364461302850691,0.0,arXiv:2212.09900 Figure 5 vector PDF,3,0.4
5,1000,lin,10.0,0.8766487302175193,0.0,arXiv:2212.09900 Figure 5 vector PDF,3,0.4
5,2000,lin,10.0,0.902606319913506,0.0,arXiv:2212.09900 Figure 5 vector PDF,3,0.4
5,5000,lin,10.0,0.9155851066576691,0.0,arXiv:2212.09900 Figure 5 vector PDF,3,0.4
5,500,greedy,0.0,0.9152052315061487,0.0,arXiv:2212.09900 Figure 5 vector PDF,3,0.6
5,1000,greedy,0.0,0.9478104904847969,0.0,arXiv:2212.09900 Figure 5 vector PDF,3,0.6
5,2000,greedy,0.0,1.0196053706020551,0.0,arXiv:2212.09900 Figure 5 vector PDF,3,0.6
5,5000,greedy,0.0,1.104885510652736,0.0,arXiv:2212.09900 Figure 5 vector PDF,3,0.6
5,500,pess,0.0001,0.8557560344907338,0.0,arXiv:2212.09900 Figure 5 vector PDF,3,0.6
5,1000,pess,0.0001,0.8536667697803534,0.0,arXiv:2212.09900 Figure 5 vector PDF,3,0.6
5,2000,pess,0.0001,0.8737364242890588,0.0,arXiv:2212.09900 Figure 5 vector PDF,3,0.6
5,5000,pess,0.0001,0.8862087216363018,0.0,arXiv:2212.09900 Figure 5 vector PDF,3,0.6
5,500,pess,0.001,0.7677535098796923,0.0,arXiv:2212.09900 Figure 5 vector PDF,3,0.6
5,1000,pess,0.001,0.7936477762453185,0.0,arXiv:2212.09900 Figure 5 vector PDF,3,0.6
5,2000,pess,0.001,0.8179592672974846,0.0,arXiv:2212.09900 Figure 5 vector PDF,3,0.6
5,5000,pess,0.001,0.8505645262761328,0.0,arXiv:2212.09900 Figure 5 vector PDF,3,0.6
5,500,pess,0.01,0.7262213793322418,0.0,arXiv:2212.09900 Figure 5 vector PDF,3,0.6
5,1000,pess,0.01,0.7683866297296728,0.0,arXiv:2212.09900 Figure 5 vector PDF,3,0.6
5,2000,pess,0.01,0.8016249923506408,0.0,arXiv:2212.09900 Figure 5 vector PDF,3,0.6
5,5000,pess,0.01,0.8404980454604302,0.0,arXiv:2212.09900 Figure 5 vector PDF,3,0.6
5,500,pess,0.1,0.7129893478896188,0.0,arXiv:2212.09900 Figure 5 vector PDF,3,0.6
5,1000,pess,0.1,0.755091274956689,0.0,arXiv:2212.09900 Figure 5 vector PDF,3,0.6
5,2000,pess,0.1,0.7941542656422386,0.0,arXiv:2212.09900 Figure 5 vector PDF,3,0.6
5,5000,pess,0.1,0.8374591090789094,0.0,arXiv:2212.09900 Figure 5 vector PDF,3,0.6
5,500,pess,0.2,0.7095705363565776,0.0,arXiv:2212.09900 Figure 5 vector PDF,3,0.6
5,1000,pess,0.2,0.7530020102463088,0.0,arXiv:2212.09900 Figure 5 vector PDF,3,0.6
5,2000,pess,0.2,0.794027651396839,0.0,arXiv:2212.09900 Figure 5 vector PDF,3,0.6
5,5000,pess,0.2,0.8387253325712097,0.0,arXiv:2212.09900 Figure 5 vector PDF,3,0.6
5,500,pess,0.5,0.7069747822492771,0.0,arXiv:2212.09900 Figure 5 vector PDF,3,0.6
5,1000,pess,0.5,0.7524955208493885,0.0,arXiv:2212.09900 Figure 5 vector PDF,3,0.6
5,2000,pess,0.5,0.7936477762453185,0.0,arXiv:2212.09900 Figure 5 vector PDF,3,0.6
5,5000,pess,0.5,0.8382188431742895,0.0,arXiv:2212.09900 Figure 5 vector PDF,3,0.6
5,500,pess,1.0,0.7069747822492771,0.0,arXiv:2212.09900 Figure 5 vector PDF,3,0.6
5,1000,pess,1.0,0.7530020102463088,0.0,arXiv:2212.09900 Figure 5 vector PDF,3,0.6
5,2000,pess,1.0,0.7936477762453185,0.0,arXiv:2212.09900 Figure 5 vector PDF,3,0.6
5,5000,pess,1.0,0.8390418843923696,0.0,arXiv:2212.09900 Figure 5 vector PDF,3,0.6
5,500,pess,5.0,0.7030494975269764,0.0,arXiv:2212.09900 Figure 5 vector PDF,3,0.6
5,1000,pess,5.0,0.7552812125324493,0.0,arXiv:2212.09900 Figure 5 vector PDF,3,0.6
5,2000,pess,5.0,0.7941542656422386,0.0,arXiv:2212.09900 Figure 5 vector PDF,3,0.6
5,5000,pess,5.0,0.8398649418181103,0.0,arXiv:2212.09900 Figure 5 vector PDF,3,0.6
5,500,pess,10.0,0.6991875037197149,0.0,arXiv:2212.09900 Figure 5 vector PDF,3,0.6
5,1000,pess,10.0,0.7510393597813281,0.0,arXiv:2212.09900 Figure 5 vector PDF,3,0.6
5,2000,pess,10.0,0.7956104267102991,0.0,arXiv:2212.09900 Figure 5 vector PDF,3,0.6
5,5000,pess,10.0,0.8408146134892507,0.0,arXiv:2212.09900 Figure 5 vector PDF,3,0.6
5,500,lin,0.0001,1.1486335363636269,0.0,arXiv:2212.09900 Figure 5 vector PDF,3,0.6
5,1000,lin,0.0001,1.1212198018072403,0.0,arXiv:2212.09900 Figure 5 vector PDF,3,0.6
5,2000,lin,0.0001,1.0939959886189532,0.0,arXiv:2212.09900 Figure 5 vector PDF,3,0.6
5,5000,lin,0.0001,1.0468291675826817,0.0,arXiv:2212.09900 Figure 5 vector PDF,3,0.6
5,500,lin,0.001,1.1481270469667069,0.0,arXiv:2212.09900 Figure 5 vector PDF,3,0.6
5,1000,lin,0.001,1.1222327806010806,0.0,arXiv:2212.09900 Figure 5 vector PDF,3,0.6
5,2000,lin,0.001,1.0960852695369943,0.0,arXiv:2212.09900 Figure 5 vector PDF,3,0.6
5,5000,lin,0.001,1.0474622874326622,0.0,arXiv:2212.09900 Figure 5 vector PDF,3,0.6
5,500,lin,0.01,1.1478104951455468,0.0,arXiv:2212.09900 Figure 5 vector PDF,3,0.6
5,1000,lin,0.01,1.1222327806010806,0.0,arXiv:2212.09900 Figure 5 vector PDF,3,0.6
5,2000,lin,0.01,1.094312540440113,0.0,arXiv:2212.09900 Figure 5 vector PDF,3,0.6
5,5000,lin,0.01,1.0465126157615217,0.0,arXiv:2212.09900 Figure 5 vector PDF,3,0.6
5,500,lin,0.1,1.1447082516413263,0.0,arXiv:2212.09900 Figure 5 vector PDF,3,0.6
5,1000,lin,0.1,1.117800990274199,0.0,arXiv:2212.09900 Figure 5 vector PDF,3,0.6
5,2000,lin,0.1,1.0910836826904928,0.0,arXiv:2212.09900 Figure 5 vector PDF,3,0.6
5,5000,lin,0.1,1.0437902312011609,0.0,arXiv:2212.09900 Figure 5 vector PDF,3,0.6
5,500,lin,0.2,1.1398965861629244,0.0,arXiv:2212.09900 Figure 5 vector PDF,3,0.6
5,1000,lin,0.2,1.1119763622096177,0.0,arXiv:2212.09900 Figure 5 vector PDF,3,0.6
5,2000,lin,0.2,1.088361298130132,0.0,arXiv:2212.09900 Figure 5 vector PDF,3,0.6
5,5000,lin,0.2,1.04081460194234,0.0,arXiv:2212.09900 Figure 5 vector PDF,3,0.6
5,500,lin,0.5,1.1234990040933808,0.0,arXiv:2212.09900 Figure 5 vector PDF,3,0.6
5,1000,lin,0.5,1.1001371847123553,0.0,arXiv:2212.09900 Figure 5 vector PDF,3,0.6
5,2000,lin,0.5,1.076205552604049,0.0,arXiv:2212.09900 Figure 5 vector PDF,3,0.6
5,5000,lin,0.5,1.032394219770458,0.0,arXiv:2212.09900 Figure 5 vector PDF,3,0.6
5,500,lin,1.0,1.095958639083934,0.0,arXiv:2212.09900 Figure 5 vector PDF,3,0.6
5,1000,lin,1.0,1.073229923345228,0.0,arXiv:2212.09900 Figure 5 vector PDF,3,0.6
5,2000,lin,1.0,1.0555661177833842,0.0,arXiv:2212.09900 Figure 5 vector PDF,3,0.6
5,5000,lin,1.0,1.0160599448236143,0.0,arXiv:2212.09900 Figure 5 vector PDF,3,0.6
5,500,lin,5.0,0.8919067192478229,0.0,arXiv:2212.09900 Figure 5 vector PDF,3,0.6
5,1000,lin,5.0,0.9144454974107685,0.0,arXiv:2212.09900 Figure 5 vector PDF,3,0.6
5,2000,lin,5.0,0.9246385924718709,0.0,arXiv:2212.09900 Figure 5 vector PDF,3,0.6
5,5000,lin,5.0,0.9255882641430113,0.0,arXiv:2212.09900 Figure 5 vector PDF,3,0.6
5,500,lin,10.0,0.831571173891628,0.0,arXiv:2212.09900 Figure 5 vector PDF,3,0.6
5,1000,lin,10.0,0.8841194407182608,0.0,arXiv:2212.09900 Figure 5 vector PDF,3,0.6
5,2000,lin,10.0,0.910203660867308,0.0,arXiv:2212.09900 Figure 5 vector PDF,3,0.6
5,5000,lin,10.0,0.9178010018211098,0.0,arXiv:2212.09900 Figure 5 vector PDF,3,0.6
5,500,greedy,0.0,0.7894692468245578,0.0,arXiv:2212.09900 Figure 5 vector PDF,3,0.8
5,1000,greedy,0.0,0.8139073521221235,0.0,arXiv:2212.09900 Figure 5 vector PDF,3,0.8
5,2000,greedy,0.0,0.8406879830361903,0.0,arXiv:2212.09900 Figure 5 vector PDF,3,0.8
5,5000,greedy,0.0,0.8659491457594968,0.0,arXiv:2212.09900 Figure 5 vector PDF,3,0.8
5,500,pess,0.0001,0.7398965930490853,0.0,arXiv:2212.09900 Figure 5 vector PDF,3,0.8
5,1000,pess,0.0001,0.7669304686616122,0.0,arXiv:2212.09900 Figure 5 vector PDF,3,0.8
5,2000,pess,0.0001,0.7996623418856601,0.0,arXiv:2212.09900 Figure 5 vector PDF,3,0.8
5,5000,pess,0.0001,0.8296718467570079,0.0,arXiv:2212.09900 Figure 5 vector PDF,3,0.8
5,500,pess,0.001,0.7286905191941426,0.0,arXiv:2212.09900 Figure 5 vector PDF,3,0.8
5,1000,pess,0.001,0.7611058405970307,0.0,arXiv:2212.09900 Figure 5 vector PDF,3,0.8
5,2000,pess,0.001,0.7938377138210787,0.0,arXiv:2212.09900 Figure 5 vector PDF,3,0.8
5,5000,pess,0.001,0.8268861388662866,0.0,arXiv:2212.09900 Figure 5 vector PDF,3,0.8
5,500,pess,0.01,0.7176743667072996,0.0,arXiv:2212.09900 Figure 5 vector PDF,3,0.8
5,1000,pess,0.01,0.7573704772428296,0.0,arXiv:2212.09900 Figure 5 vector PDF,3,0.8
5,2000,pess,0.01,0.7901023504668776,0.0,arXiv:2212.09900 Figure 5 vector PDF,3,0.8
5,5000,pess,0.01,0.8241637705135864,0.0,arXiv:2212.09900 Figure 5 vector PDF,3,0.8
5,500,pess,0.1,0.7124828584926987,0.0,arXiv:2212.09900 Figure 5 vector PDF,3,0.8
5,1000,pess,0.1,0.750532870384408,0.0,arXiv:2212.09900 Figure 5 vector PDF,3,0.8
5,2000,pess,0.1,0.7883296375776572,0.0,arXiv:2212.09900 Figure 5 vector PDF,3,0.8
5,5000,pess,0.1,0.8242903847589861,0.0,arXiv:2212.09900 Figure 5 vector PDF,3,0.8
5,500,pess,0.2,0.7107101456034782,0.0,arXiv:2212.09900 Figure 5 vector PDF,3,0.8
5,1000,pess,0.2,0.7481270538528677,0.0,arXiv:2212.09900 Figure 5 vector PDF,3,0.8
5,2000,pess,0.2,0.7873799659065167,0.0,arXiv:2212.09900 Figure 5 vector PDF,3,0.8
5,5000,pess,0.2,0.8246069527878067,0.0,arXiv:2212.09900 Figure 5 vector PDF,3,0.8
5,500,pess,0.5,0.7098870881777375,0.0,arXiv:2212.09900 Figure 5 vector PDF,3,0.8
5,1000,pess,0.5,0.7481270538528677,0.0,arXiv:2212.09900 Figure 5 vector PDF,3,0.8
5,2000,pess,0.5,0.7873799659065167,0.0,arXiv:2212.09900 Figure 5 vector PDF,3,0.8
5,5000,pess,0.5,0.8242903847589861,0.0,arXiv:2212.09900 Figure 5 vector PDF,3,0.8
5,500,pess,1.0,0.7089374327142578,0.0,arXiv:2212.09900 Figure 5 vector PDF,3,0.8
5,1000,pess,1.0,0.7484436056740276,0.0,arXiv:2212.09900 Figure 5 vector PDF,3,0.8
5,2000,pess,1.0,0.7876965339353373,0.0,arXiv:2212.09900 Figure 5 vector PDF,3,0.8
5,5000,pess,1.0,0.8246069527878067,0.0,arXiv:2212.09900 Figure 5 vector PDF,3,0.8
5,500,pess,5.0,0.7041890905662164,0.0,arXiv:2212.09900 Figure 5 vector PDF,3,0.8
5,1000,pess,5.0,0.743252081251766,0.0,arXiv:2212.09900 Figure 5 vector PDF,3,0.8
5,2000,pess,5.0,0.7860504352915166,0.0,arXiv:2212.09900 Figure 5 vector PDF,3,0.8
5,5000,pess,5.0,0.8234673435409061,0.0,arXiv:2212.09900 Figure 5 vector PDF,3,0.8
5,500,pess,10.0,0.6978579731047149,0.0,arXiv:2212.09900 Figure 5 vector PDF,3,0.8
5,1000,pess,10.0,0.7374274531871845,0.0,arXiv:2212.09900 Figure 5 vector PDF,3,0.8
5,2000,pess,10.0,0.7873799659065167,0.0,arXiv:2212.09900 Figure 5 vector PDF,3,0.8
5,5000,pess,10.0,0.8228342236909256,0.0,arXiv:2212.09900 Figure 5 vector PDF,3,0.8
5,500,lin,0.0001,1.1384404413025246,0.0,arXiv:2212.09900 Figure 5 vector PDF,3,0.8
5,1000,lin,0.0001,1.1215363536284002,0.0,arXiv:2212.09900 Figure 5 vector PDF,3,0.8
5,2000,lin,0.0001,1.0852590546259113,0.0,arXiv:2212.09900 Figure 5 vector PDF,3,0.8
5,5000,lin,0.0001,1.0424607005861608,0.0,arXiv:2212.09900 Figure 5 vector PDF,3,0.8
5,500,lin,0.001,1.1379339519056044,0.0,arXiv:2212.09900 Figure 5 vector PDF,3,0.8
5,1000,lin,0.001,1.1231824360645604,0.0,arXiv:2212.09900 Figure 5 vector PDF,3,0.8
5,2000,lin,0.001,1.0860820958439914,0.0,arXiv:2212.09900 Figure 5 vector PDF,3,0.8
5,5000,lin,0.001,1.0429671899830808,0.0,arXiv:2212.09900 Figure 5 vector PDF,3,0.8
5,500,lin,0.01,1.1377440143298443,0.0,arXiv:2212.09900 Figure 5 vector PDF,3,0.8
5,1000,lin,0.01,1.1222327806010806,0.0,arXiv:2212.09900 Figure 5 vector PDF,3,0.8
5,2000,lin,0.01,1.0857655440228315,0.0,arXiv:2212.09900 Figure 5 vector PDF,3,0.8
5,5000,lin,0.01,1.0426506219542604,0.0,arXiv:2212.09900 Figure 5 vector PDF,3,0.8
5,500,lin,0.1,1.1317927558122025,0.0,arXiv:2212.09900 Figure 5 vector PDF,3,0.8
5,1000,lin,0.1,1.1184974172468793,0.0,arXiv:2212.09900 Figure 5 vector PDF,3,0.8
5,2000,lin,0.1,1.082979852339771,0.0,arXiv:2212.09900 Figure 5 vector PDF,3,0.8
5,5000,lin,0.1,1.0395483784500397,0.0,arXiv:2212.09900 Figure 5 vector PDF,3,0.8
5,500,lin,0.2,1.1273609816929817,0.0,arXiv:2212.09900 Figure 5 vector PDF,3,0.8
5,1000,lin,0.2,1.1122929302384383,0.0,arXiv:2212.09900 Figure 5 vector PDF,3,0.8
5,2000,lin,0.2,1.0782948173144293,0.0,arXiv:2212.09900 Figure 5 vector PDF,3,0.8
5,5000,lin,0.2,1.036129583124659,0.0,arXiv:2212.09900 Figure 5 vector PDF,3,0.8
5,500,lin,0.5,1.1095705456780773,0.0,arXiv:2212.09900 Figure 5 vector PDF,3,0.8
5,1000,lin,0.5,1.096465128480854,0.0,arXiv:2212.09900 Figure 5 vector PDF,3,0.8
5,2000,lin,0.5,1.0665822540625667,0.0,arXiv:2212.09900 Figure 5 vector PDF,3,0.8
5,5000,lin,0.5,1.0273926329239567,0.0,arXiv:2212.09900 Figure 5 vector PDF,3,0.8
5,500,lin,1.0,1.08025746777941,0.0,arXiv:2212.09900 Figure 5 vector PDF,3,0.8
5,1000,lin,1.0,1.0717737784848282,0.0,arXiv:2212.09900 Figure 5 vector PDF,3,0.8
5,2000,lin,1.0,1.0452463922692214,0.0,arXiv:2212.09900 Figure 5 vector PDF,3,0.8
5,5000,lin,1.0,1.0120080296482534,0.0,arXiv:2212.09900 Figure 5 vector PDF,3,0.8
5,500,lin,5.0,0.8884879239224424,0.0,arXiv:2212.09900 Figure 5 vector PDF,3,0.8
5,1000,lin,5.0,0.9092539891961675,0.0,arXiv:2212.09900 Figure 5 vector PDF,3,0.8
5,2000,lin,5.0,0.9234989994326309,0.0,arXiv:2212.09900 Figure 5 vector PDF,3,0.8
5,5000,lin,5.0,0.924322040650711,0.0,arXiv:2212.09900 Figure 5 vector PDF,3,0.8
5,500,lin,10.0,0.8367626983138897,0.0,arXiv:2212.09900 Figure 5 vector PDF,3,0.8
5,1000,lin,10.0,0.8832963995001808,0.0,arXiv:2212.09900 Figure 5 vector PDF,3,0.8
5,2000,lin,10.0,0.9127994149746085,0.0,arXiv:2212.09900 Figure 5 vector PDF,3,0.8
5,5000,lin,10.0,0.9186240430391899,0.0,arXiv:2212.09900 Figure 5 vector PDF,3,0.8
5,500,greedy,0.0,0.7406563271444655,0.0,arXiv:2212.09900 Figure 5 vector PDF,3,pure
5,1000,greedy,0.0,0.7956104267102991,0.0,arXiv:2212.09900 Figure 5 vector PDF,3,pure
5,2000,greedy,0.0,0.8591748460237749,0.0,arXiv:2212.09900 Figure 5 vector PDF,3,pure
5,5000,greedy,0.0,1.0479687768295822,0.0,arXiv:2212.09900 Figure 5 vector PDF,3,pure
5,500,pess,0.0001,0.7063416623992966,0.0,arXiv:2212.09900 Figure 5 vector PDF,3,pure
5,1000,pess,0.0001,0.7471773821817272,0.0,arXiv:2212.09900 Figure 5 vector PDF,3,pure
5,2000,pess,0.0001,0.7860504352915166,0.0,arXiv:2212.09900 Figure 5 vector PDF,3,pure
5,5000,pess,0.0001,0.8238472024847658,0.0,arXiv:2212.09900 Figure 5 vector PDF,3,pure
5,500,pess,0.001,0.7071014127023375,0.0,arXiv:2212.09900 Figure 5 vector PDF,3,pure
5,1000,pess,0.001,0.746987444605967,0.0,arXiv:2212.09900 Figure 5 vector PDF,3,pure
5,2000,pess,0.001,0.7854173316491968,0.0,arXiv:2212.09900 Figure 5 vector PDF,3,pure
5,5000,pess,0.001,0.8236572811166663,0.0,arXiv:2212.09900 Figure 5 vector PDF,3,pure
5,500,pess,0.01,0.7069747822492771,0.0,arXiv:2212.09900 Figure 5 vector PDF,3,pure
5,1000,pess,0.01,0.746987444605967,0.0,arXiv:2212.09900 Figure 5 vector PDF,3,pure
5,2000,pess,0.01,0.7855439458945964,0.0,arXiv:2212.09900 Figure 5 vector PDF,3,pure
5,5000,pess,0.01,0.8233407130878457,0.0,arXiv:2212.09900 Figure 5 vector PDF,3,pure
5,500,pess,0.1,0.7077978234673571,0.0,arXiv:2212.09900 Figure 5 vector PDF,3,pure
5,1000,pess,0.1,0.7466708927848071,0.0,arXiv:2212.09900 Figure 5 vector PDF,3,pure
5,2000,pess,0.1,0.7862403728672768,0.0,arXiv:2212.09900 Figure 5 vector PDF,3,pure
5,5000,pess,0.1,0.8241637705135864,0.0,arXiv:2212.09900 Figure 5 vector PDF,3,pure
5,500,pess,0.2,0.7079244539204175,0.0,arXiv:2212.09900 Figure 5 vector PDF,3,pure
5,1000,pess,0.2,0.7464809552090469,0.0,arXiv:2212.09900 Figure 5 vector PDF,3,pure
5,2000,pess,0.2,0.7854173316491968,0.0,arXiv:2212.09900 Figure 5 vector PDF,3,pure
5,5000,pess,0.2,0.8236572811166663,0.0,arXiv:2212.09900 Figure 5 vector PDF,3,pure
5,500,pess,0.5,0.7074812716461972,0.0,arXiv:2212.09900 Figure 5 vector PDF,3,pure
5,1000,pess,0.5,0.746164403387887,0.0,arXiv:2212.09900 Figure 5 vector PDF,3,pure
5,2000,pess,0.5,0.7852273940734366,0.0,arXiv:2212.09900 Figure 5 vector PDF,3,pure
5,5000,pess,0.5,0.8234673435409061,0.0,arXiv:2212.09900 Figure 5 vector PDF,3,pure
5,500,pess,1.0,0.7058351730023765,0.0,arXiv:2212.09900 Figure 5 vector PDF,3,pure
5,1000,pess,1.0,0.7460377729348266,0.0,arXiv:2212.09900 Figure 5 vector PDF,3,pure
5,2000,pess,1.0,0.7855439458945964,0.0,arXiv:2212.09900 Figure 5 vector PDF,3,pure
5,5000,pess,1.0,0.8238472024847658,0.0,arXiv:2212.09900 Figure 5 vector PDF,3,pure
5,500,pess,5.0,0.7009602166089355,0.0,arXiv:2212.09900 Figure 5 vector PDF,3,pure
5,1000,pess,5.0,0.7439485082244462,0.0,arXiv:2212.09900 Figure 5 vector PDF,3,pure
5,2000,pess,5.0,0.7845942904311167,0.0,arXiv:2212.09900 Figure 5 vector PDF,3,pure
5,5000,pess,5.0,0.8242903847589861,0.0,arXiv:2212.09900 Figure 5 vector PDF,3,pure
5,500,pess,10.0,0.6943125473262739,0.0,arXiv:2212.09900 Figure 5 vector PDF,3,pure
5,1000,pess,10.0,0.743252081251766,0.0,arXiv:2212.09900 Figure 5 vector PDF,3,pure
5,2000,pess,10.0,0.7833280507311557,0.0,arXiv:2212.09900 Figure 5 vector PDF,3,pure
5,5000,pess,10.0,0.8246069527878067,0.0,arXiv:2212.09900 Figure 5 vector PDF,3,pure
5,500,lin,0.0001,1.12077661953302,0.0,arXiv:2212.09900 Figure 5 vector PDF,3,pure
5,1000,lin,0.0001,1.115901663139579,0.0,arXiv:2212.09900 Figure 5 vector PDF,3,pure
5,2000,lin,0.0001,1.084309382954771,0.0,arXiv:2212.09900 Figure 5 vector PDF,3,pure
5,5000,lin,0.0001,1.0429671899830808,0.0,arXiv:2212.09900 Figure 5 vector PDF,3,pure
5,500,lin,0.001,1.1215363536284002,0.0,arXiv:2212.09900 Figure 5 vector PDF,3,pure
5,1000,lin,0.001,1.116218214960739,0.0,arXiv:2212.09900 Figure 5 vector PDF,3,pure
5,2000,lin,0.001,1.084309382954771,0.0,arXiv:2212.09900 Figure 5 vector PDF,3,pure
5,5000,lin,0.001,1.0426506219542604,0.0,arXiv:2212.09900 Figure 5 vector PDF,3,pure
5,500,lin,0.01,1.1217262912041603,0.0,arXiv:2212.09900 Figure 5 vector PDF,3,pure
5,1000,lin,0.01,1.1145721163169182,0.0,arXiv:2212.09900 Figure 5 vector PDF,3,pure
5,2000,lin,0.01,1.0844360134078312,0.0,arXiv:2212.09900 Figure 5 vector PDF,3,pure
5,5000,lin,0.01,1.0421441325573402,0.0,arXiv:2212.09900 Figure 5 vector PDF,3,pure
5,500,lin,0.1,1.1167247043576591,0.0,arXiv:2212.09900 Figure 5 vector PDF,3,pure
5,1000,lin,0.1,1.1134325232776783,0.0,arXiv:2212.09900 Figure 5 vector PDF,3,pure
5,2000,lin,0.1,1.0808905876293904,0.0,arXiv:2212.09900 Figure 5 vector PDF,3,pure
5,5000,lin,0.1,1.0397383160257998,0.0,arXiv:2212.09900 Figure 5 vector PDF,3,pure
5,500,lin,0.2,1.1121662997853778,0.0,arXiv:2212.09900 Figure 5 vector PDF,3,pure
5,1000,lin,0.2,1.108114384610017,0.0,arXiv:2212.09900 Figure 5 vector PDF,3,pure
5,2000,lin,0.2,1.0787379995886497,0.0,arXiv:2212.09900 Figure 5 vector PDF,3,pure
5,5000,lin,0.2,1.0369526243427392,0.0,arXiv:2212.09900 Figure 5 vector PDF,3,pure
5,500,lin,0.5,1.0974148001519943,0.0,arXiv:2212.09900 Figure 5 vector PDF,3,pure
5,1000,lin,0.5,1.0945024780158734,0.0,arXiv:2212.09900 Figure 5 vector PDF,3,pure
5,2000,lin,0.5,1.0664556236095062,0.0,arXiv:2212.09900 Figure 5 vector PDF,3,pure
5,5000,lin,0.5,1.027202711555857,0.0,arXiv:2212.09900 Figure 5 vector PDF,3,pure
5,500,lin,1.0,1.0651260929945061,0.0,arXiv:2212.09900 Figure 5 vector PDF,3,pure
5,1000,lin,1.0,1.064366358899126,0.0,arXiv:2212.09900 Figure 5 vector PDF,3,pure
5,2000,lin,1.0,1.04163764316042,0.0,arXiv:2212.09900 Figure 5 vector PDF,3,pure
5,5000,lin,1.0,1.012451195714813,0.0,arXiv:2212.09900 Figure 5 vector PDF,3,pure
5,500,lin,5.0,0.8850691123894012,0.0,arXiv:2212.09900 Figure 5 vector PDF,3,pure
5,1000,lin,5.0,0.9067848493342667,0.0,arXiv:2212.09900 Figure 5 vector PDF,3,pure
5,2000,lin,5.0,0.9207133077495703,0.0,arXiv:2212.09900 Figure 5 vector PDF,3,pure
5,5000,lin,5.0,0.925145081868791,0.0,arXiv:2212.09900 Figure 5 vector PDF,3,pure
5,500,lin,10.0,0.8427772477465707,0.0,arXiv:2212.09900 Figure 5 vector PDF,3,pure
5,1000,lin,10.0,0.8855756017863213,0.0,arXiv:2212.09900 Figure 5 vector PDF,3,pure
5,2000,lin,10.0,0.910203660867308,0.0,arXiv:2212.09900 Figure 5 vector PDF,3,pure
5,5000,lin,10.0,0.91913053243611,0.0,arXiv:2212.09900 Figure 5 vector PDF,3,pure
