setting_name,T,method,paper_mean,paper_se,paper_count,digitization_resolution,source
Optimal,100,greedy,0.04597038759305832,0.0006512103024804909,1000,0.0004539409547878554,arXiv:2212.09900 Figure 4 vector PDF
Optimal,500,greedy,0.04607855309770613,0.0006627360902930321,1000,0.0004539409547878554,arXiv:2212.09900 Figure 4 vector PDF
Optimal,1000,greedy,0.045801932828382276,0.0006254986328603524,1000,0.0004539409547878554,arXiv:2212.09900 Figure 4 vector PDF
Optimal,2000,greedy,0.04566184937338047,0.000613086184877872,1000,0.0004539409547878554,arXiv:2212.09900 Figure 4 vector PDF
Optimal,5000,greedy,0.04577888125275719,0.0006139728450478112,1000,0.0004539409547878554,arXiv:2212.09900 Figure 4 vector PDF
Optimal,10000,greedy,0.04487986526396945,0.0006059933574593117,1000,0.0004539409547878554,arXiv:2212.09900 Figure 4 vector PDF
Optimal,20000,greedy,0.04630197738836125,0.0006192924656117314,1000,0.0004539409547878554,arXiv:2212.09900 Figure 4 vector PDF
Optimal,100,pess_0.1,0.040640127561039824,0.0006512101889952524,1000,0.0004539409547878554,arXiv:2212.09900 Figure 4 vector PDF
Optimal,500,pess_0.1,0.028802199053403737,0.0006627360902930321,1000,0.0004539409547878554,arXiv:2212.09900 Figure 4 vector PDF
Optimal,1000,pess_0.1,0.02778083190513106,0.0006263852930302917,1000,0.0004539409547878554,arXiv:2212.09900 Figure 4 vector PDF
Optimal,2000,pess_0.1,0.02636935879489662,0.000613086184877872,1000,0.0004539409547878554,arXiv:2212.09900 Figure 4 vector PDF
Optimal,5000,pess_0.1,0.027030765292133076,0.0006139729585330497,1000,0.0004539409547878554,arXiv:2212.09900 Figure 4 vector PDF
Optimal,10000,pess_0.1,0.02679138225327143,0.0006059934709445502,1000,0.0004539409547878554,arXiv:2212.09900 Figure 4 vector PDF
Optimal,20000,pess_0.1,0.028220587205081797,0.0006197357389540818,1000,0.0004539409547878554,arXiv:2212.09900 Figure 4 vector PDF
Optimal,100,pess_0.2,0.03645890602476904,0.0006512101889952524,1000,0.0004539409547878554,arXiv:2212.09900 Figure 4 vector PDF
Optimal,500,pess_0.2,0.014329284478861087,0.0006627360902930321,1000,0.0004539409547878554,arXiv:2212.09900 Figure 4 vector PDF
Optimal,1000,pess_0.2,0.010461920442376356,0.0006250554730032404,1000,0.0004539409547878554,arXiv:2212.09900 Figure 4 vector PDF
Optimal,2000,pess_0.2,0.00899193161942403,0.0006126429115355216,1000,0.0004539409547878554,arXiv:2212.09900 Figure 4 vector PDF
Optimal,5000,pess_0.2,0.007938646974738311,0.0006139729585330497,1000,0.0004539409547878554,arXiv:2212.09900 Figure 4 vector PDF
Optimal,10000,pess_0.2,0.0074527885235374115,0.0006059933574593117,1000,0.0004539409547878554,arXiv:2212.09900 Figure 4 vector PDF
Optimal,20000,pess_0.2,0.008029080637810193,0.0006197358524393203,1000,0.0004539409547878554,arXiv:2212.09900 Figure 4 vector PDF
Optimal,100,pess_0.5,0.034589946226948894,0.0006512101889952524,1000,0.0004539409547878554,arXiv:2212.09900 Figure 4 vector PDF
Optimal,500,pess_0.5,0.003000265998050982,0.0006627359768077936,1000,0.0004539409547878554,arXiv:2212.09900 Figure 4 vector PDF
Optimal,1000,pess_0.5,0.00048053871715174107,0.0006263852930302917,1000,0.0004539409547878554,arXiv:2212.09900 Figure 4 vector PDF
Optimal,2000,pess_0.5,0.00013121708027288764,0.0006126430250207599,1000,0.0004539409547878554,arXiv:2212.09900 Figure 4 vector PDF
Optimal,5000,pess_0.5,4.964979192992168e-05,0.0006135295717054608,1000,0.0004539409547878554,arXiv:2212.09900 Figure 4 vector PDF
Optimal,10000,pess_0.5,0.0,0.0006059934709445502,1000,0.0004539409547878554,arXiv:2212.09900 Figure 4 vector PDF
Optimal,20000,pess_0.5,0.0,0.0006192924656117314,1000,0.0004539409547878554,arXiv:2212.09900 Figure 4 vector PDF
Optimal,100,pess_1,0.034488873095778694,0.0006512101889952524,1000,0.0004539409547878554,arXiv:2212.09900 Figure 4 vector PDF
Optimal,500,pess_1,0.0016792270048293753,0.0006627360902930321,1000,0.0004539409547878554,arXiv:2212.09900 Figure 4 vector PDF
Optimal,1000,pess_1,4.964979192992168e-05,0.000625055359518002,1000,0.0004539409547878554,arXiv:2212.09900 Figure 4 vector PDF
Optimal,2000,pess_1,0.0,0.0006130862983631104,1000,0.0004539409547878554,arXiv:2212.09900 Figure 4 vector PDF
Optimal,5000,pess_1,0.0,0.0006139728450478112,1000,0.0004539409547878554,arXiv:2212.09900 Figure 4 vector PDF
Optimal,10000,pess_1,0.0,0.0006059934709445502,1000,0.0004539409547878554,arXiv:2212.09900 Figure 4 vector PDF
Optimal,20000,pess_1,0.0,0.0006192924656117314,1000,0.0004539409547878554,arXiv:2212.09900 Figure 4 vector PDF
Optimal,100,pess_2,0.03438957351191885,0.0006516534623376029,1000,0.0004539409547878554,arXiv:2212.09900 Figure 4 vector PDF
Optimal,500,pess_2,0.0012111003952043995,0.0006627359768077936,1000,0.0004539409547878554,arXiv:2212.09900 Figure 4 vector PDF
Optimal,1000,pess_2,4.964979192992168e-05,0.000625055359518002,1000,0.0004539409547878554,arXiv:2212.09900 Figure 4 vector PDF
Optimal,2000,pess_2,0.0,0.0006130862983631104,1000,0.0004539409547878554,arXiv:2212.09900 Figure 4 vector PDF
Optimal,5000,pess_2,0.0,0.0006139728450478112,1000,0.0004539409547878554,arXiv:2212.09900 Figure 4 vector PDF
Optimal,10000,pess_2,0.0,0.0006059934709445502,1000,0.0004539409547878554,arXiv:2212.09900 Figure 4 vector PDF
Optimal,20000,pess_2,0.0,0.0006192924656117314,1000,0.0004539409547878554,arXiv:2212.09900 Figure 4 vector PDF
Optimal,100,pess_5,0.03438957351191885,0.0006516534623376029,1000,0.0004539409547878554,arXiv:2212.09900 Figure 4 vector PDF
Optimal,500,pess_5,0.0012111003952043995,0.0006627359768077936,1000,0.0004539409547878554,arXiv:2212.09900 Figure 4 vector PDF
Optimal,1000,pess_5,4.964979192992168e-05,0.000625055359518002,1000,0.0004539409547878554,arXiv:2212.09900 Figure 4 vector PDF
Optimal,2000,pess_5,0.0,0.0006130862983631104,1000,0.0004539409547878554,arXiv:2212.09900 Figure 4 vector PDF
Optimal,5000,pess_5,0.0,0.0006139728450478112,1000,0.0004539409547878554,arXiv:2212.09900 Figure 4 vector PDF
Optimal,10000,pess_5,0.0,0.0006059934709445502,1000,0.0004539409547878554,arXiv:2212.09900 Figure 4 vector PDF
Optimal,20000,pess_5,0.0,0.0006192924656117314,1000,0.0004539409547878554,arXiv:2212.09900 Figure 4 vector PDF
Optimal,100,pess_10,0.03438957351191885,0.0006516534623376029,1000,0.0004539409547878554,arXiv:2212.09900 Figure 4 vector PDF
Optimal,500,pess_10,0.0012111003952043995,0.0006627359768077936,1000,0.0004539409547878554,arXiv:2212.09900 Figure 4 vector PDF
Optimal,1000,pess_10,4.964979192992168e-05,0.000625055359518002,1000,0.0004539409547878554,arXiv:2212.09900 Figure 4 vector PDF
Optimal,2000,pess_10,0.0,0.0006130862983631104,1000,0.0004539409547878554,arXiv:2212.09900 Figure 4 vector PDF
Optimal,5000,pess_10,0.0,0.0006139728450478112,1000,0.0004539409547878554,arXiv:2212.09900 Figure 4 vector PDF
Optimal,10000,pess_10,0.0,0.0006059934709445502,1000,0.0004539409547878554,arXiv:2212.09900 Figure 4 vector PDF
Optimal,20000,pess_10,0.0,0.0006192924656117314,1000,0.0004539409547878554,arXiv:2212.09900 Figure 4 vector PDF
Suboptimal,100,greedy,0.04469013247097867,0.0007287880172570647,1000,0.0004539409547878554,arXiv:2212.09900 Figure 4 vector PDF
Suboptimal,500,greedy,0.0378898840699488,0.0005004876063508473,1000,0.0004539409547878554,arXiv:2212.09900 Figure 4 vector PDF
Suboptimal,1000,greedy,0.0398918344953522,0.0004831988111467972,1000,0.0004539409547878554,arXiv:2212.09900 Figure 4 vector PDF
Suboptimal,2000,greedy,0.039060200594011246,0.0004676833362826255,1000,0.0004539409547878554,arXiv:2212.09900 Figure 4 vector PDF
Suboptimal,5000,greedy,0.03963294606760427,0.000477879190582877,1000,0.0004539409547878554,arXiv:2212.09900 Figure 4 vector PDF
Suboptimal,10000,greedy,0.03817182361938086,0.0004698998164796159,1000,0.0004539409547878554,arXiv:2212.09900 Figure 4 vector PDF
Suboptimal,20000,greedy,0.03995035020807008,0.00048585867817137646,1000,0.0004539409547878554,arXiv:2212.09900 Figure 4 vector PDF
Suboptimal,100,pess_0.1,0.03753169605834104,0.0007283447439147144,1000,0.0004539409547878554,arXiv:2212.09900 Figure 4 vector PDF
Suboptimal,500,pess_0.1,0.025528858972767708,0.0005004877198360858,1000,0.0004539409547878554,arXiv:2212.09900 Figure 4 vector PDF
Suboptimal,1000,pess_0.1,0.02648284403359358,0.000483642197974386,1000,0.0004539409547878554,arXiv:2212.09900 Figure 4 vector PDF
Suboptimal,2000,pess_0.1,0.024012766998565218,0.00046856988296732627,1000,0.0004539409547878554,arXiv:2212.09900 Figure 4 vector PDF
Suboptimal,5000,pess_0.1,0.02525223870344386,0.0004774359172405266,1000,0.0004539409547878554,arXiv:2212.09900 Figure 4 vector PDF
Suboptimal,10000,pess_0.1,0.025152939119584015,0.0004694565431372655,1000,0.0004539409547878554,arXiv:2212.09900 Figure 4 vector PDF
Suboptimal,20000,pess_0.1,0.025860448768070636,0.00048452885814432526,1000,0.0004539409547878554,arXiv:2212.09900 Figure 4 vector PDF
Suboptimal,100,pess_0.2,0.032910719222119515,0.0007283447439147144,1000,0.0004539409547878554,arXiv:2212.09900 Figure 4 vector PDF
Suboptimal,500,pess_0.2,0.017762212949444245,0.0005004876063508473,1000,0.0004539409547878554,arXiv:2212.09900 Figure 4 vector PDF
Suboptimal,1000,pess_0.2,0.01570174635738202,0.000483642197974386,1000,0.0004539409547878554,arXiv:2212.09900 Figure 4 vector PDF
Suboptimal,2000,pess_0.2,0.014951680198324987,0.0004690132697949151,1000,0.0004539409547878554,arXiv:2212.09900 Figure 4 vector PDF
Suboptimal,5000,pess_0.2,0.015129000883788993,0.0004778793040681154,1000,0.0004539409547878554,arXiv:2212.09900 Figure 4 vector PDF
Suboptimal,10000,pess_0.2,0.013639507125891343,0.0004698998164796159,1000,0.0004539409547878554,arXiv:2212.09900 Figure 4 vector PDF
Suboptimal,20000,pess_0.2,0.01441262531451441,0.00048452874465908685,1000,0.0004539409547878554,arXiv:2212.09900 Figure 4 vector PDF
Suboptimal,100,pess_0.5,0.030172887838555262,0.0007274581972300135,1000,0.0004539409547878554,arXiv:2212.09900 Figure 4 vector PDF
Suboptimal,500,pess_0.5,0.011162336809503463,0.0005004876063508473,1000,0.0004539409547878554,arXiv:2212.09900 Figure 4 vector PDF
Suboptimal,1000,pess_0.5,0.010089546775931464,0.000483642197974386,1000,0.0004539409547878554,arXiv:2212.09900 Figure 4 vector PDF
Suboptimal,2000,pess_0.5,0.0100079794875885,0.00046856988296732627,1000,0.0004539409547878554,arXiv:2212.09900 Figure 4 vector PDF
Suboptimal,5000,pess_0.5,0.010071814934355541,0.000477879190582877,1000,0.0004539409547878554,arXiv:2212.09900 Figure 4 vector PDF
Suboptimal,10000,pess_0.5,0.01002216514242562,0.0004698998164796159,1000,0.0004539409547878554,arXiv:2212.09900 Figure 4 vector PDF
Suboptimal,20000,pess_0.5,0.009990247192071621,0.00048452874465908685,1000,0.0004539409547878554,arXiv:2212.09900 Figure 4 vector PDF
Suboptimal,100,pess_1,0.029850163964040295,0.0007287880172570647,1000,0.0004539409547878554,arXiv:2212.09900 Figure 4 vector PDF
Suboptimal,500,pess_1,0.01048142537732168,0.0004996009461809081,1000,0.0004539409547878554,arXiv:2212.09900 Figure 4 vector PDF
Suboptimal,1000,pess_1,0.009999113112859583,0.000483642197974386,1000,0.0004539409547878554,arXiv:2212.09900 Figure 4 vector PDF
Suboptimal,2000,pess_1,0.009999113112859583,0.00046856988296732627,1000,0.0004539409547878554,arXiv:2212.09900 Figure 4 vector PDF
Suboptimal,5000,pess_1,0.009999113112859583,0.000477436030725765,1000,0.0004539409547878554,arXiv:2212.09900 Figure 4 vector PDF
Suboptimal,10000,pess_1,0.009999113112859583,0.0004698998164796159,1000,0.0004539409547878554,arXiv:2212.09900 Figure 4 vector PDF
Suboptimal,20000,pess_1,0.009999113112859583,0.00048452885814432526,1000,0.0004539409547878554,arXiv:2212.09900 Figure 4 vector PDF
Suboptimal,100,pess_2,0.029818246467627253,0.0007274580837447751,1000,0.0004539409547878554,arXiv:2212.09900 Figure 4 vector PDF
Suboptimal,500,pess_2,0.010380352700092434,0.0004991576728385577,1000,0.0004539409547878554,arXiv:2212.09900 Figure 4 vector PDF
Suboptimal,1000,pess_2,0.009999113112859583,0.000483642197974386,1000,0.0004539409547878554,arXiv:2212.09900 Figure 4 vector PDF
Suboptimal,2000,pess_2,0.009999113112859583,0.00046856988296732627,1000,0.0004539409547878554,arXiv:2212.09900 Figure 4 vector PDF
Suboptimal,5000,pess_2,0.009999113112859583,0.000477436030725765,1000,0.0004539409547878554,arXiv:2212.09900 Figure 4 vector PDF
Suboptimal,10000,pess_2,0.009999113112859583,0.0004698998164796159,1000,0.0004539409547878554,arXiv:2212.09900 Figure 4 vector PDF
Suboptimal,20000,pess_2,0.009999113112859583,0.00048452885814432526,1000,0.0004539409547878554,arXiv:2212.09900 Figure 4 vector PDF
Suboptimal,100,pess_5,0.02979164825132241,0.0007287879037718263,1000,0.0004539409547878554,arXiv:2212.09900 Figure 4 vector PDF
Suboptimal,500,pess_5,0.010380352700092434,0.0004991576728385577,1000,0.0004539409547878554,arXiv:2212.09900 Figure 4 vector PDF
Suboptimal,1000,pess_5,0.009999113112859583,0.000483642197974386,1000,0.0004539409547878554,arXiv:2212.09900 Figure 4 vector PDF
Suboptimal,2000,pess_5,0.009999113112859583,0.00046856988296732627,1000,0.0004539409547878554,arXiv:2212.09900 Figure 4 vector PDF
Suboptimal,5000,pess_5,0.009999113112859583,0.000477436030725765,1000,0.0004539409547878554,arXiv:2212.09900 Figure 4 vector PDF
Suboptimal,10000,pess_5,0.009999113112859583,0.0004698998164796159,1000,0.0004539409547878554,arXiv:2212.09900 Figure 4 vector PDF
Suboptimal,20000,pess_5,0.009999113112859583,0.00048452885814432526,1000,0.0004539409547878554,arXiv:2212.09900 Figure 4 vector PDF
Suboptimal,100,pess_10,0.02979164825132241,0.0007287879037718263,1000,0.0004539409547878554,arXiv:2212.09900 Figure 4 vector PDF
Suboptimal,500,pess_10,0.010380352700092434,0.0004991576728385577,1000,0.0004539409547878554,arXiv:2212.09900 Figure 4 vector PDF
Suboptimal,1000,pess_10,0.009999113112859583,0.000483642197974386,1000,0.0004539409547878554,arXiv:2212.09900 Figure 4 vector PDF
Suboptimal,2000,pess_10,0.009999113112859583,0.00046856988296732627,1000,0.0004539409547878554,arXiv:2212.09900 Figure 4 vector PDF
Suboptimal,5000,pess_10,0.009999113112859583,0.000477436030725765,1000,0.0004539409547878554,arXiv:2212.09900 Figure 4 vector PDF
Suboptimal,10000,pess_10,0.009999113112859583,0.0004698998164796159,1000,0.0004539409547878554,arXiv:2212.09900 Figure 4 vector PDF
Suboptimal,20000,pess_10,0.009999113112859583,0.00048452885814432526,1000,0.0004539409547878554,arXiv:2212.09900 Figure 4 vector PDF
Uniform,100,greedy,0.031048851797776975,0.0006933238801642636,1000,0.0004539409547878554,arXiv:2212.09900 Figure 4 vector PDF
Uniform,500,greedy,0.03138044159307991,0.0006888909197702826,1000,0.0004539409547878554,arXiv:2212.09900 Figure 4 vector PDF
Uniform,1000,greedy,0.03073144811125212,0.0006990867740705341,1000,0.0004539409547878554,arXiv:2212.09900 Figure 4 vector PDF
Uniform,2000,greedy,0.029609007831809246,0.0006977568405582444,1000,0.0004539409547878554,arXiv:2212.09900 Figure 4 vector PDF
Uniform,5000,greedy,0.03128114200922006,0.0006919939466519738,1000,0.0004539409547878554,arXiv:2212.09900 Figure 4 vector PDF
Uniform,10000,greedy,0.03019948560091915,0.0006875608727727545,1000,0.0004539409547878554,arXiv:2212.09900 Figure 4 vector PDF
Uniform,20000,greedy,0.030713715815735242,0.0006977568405582444,1000,0.0004539409547878554,arXiv:2212.09900 Figure 4 vector PDF
Uniform,100,pess_0.1,0.031290007930008024,0.0006933238801642636,1000,0.0004539409547878554,arXiv:2212.09900 Figure 4 vector PDF
Uniform,500,pess_0.1,0.03145314296063491,0.0006884475329426938,1000,0.0004539409547878554,arXiv:2212.09900 Figure 4 vector PDF
Uniform,1000,pess_0.1,0.030722581736523206,0.0006990867740705341,1000,0.0004539409547878554,arXiv:2212.09900 Figure 4 vector PDF
Uniform,2000,pess_0.1,0.029733132538604528,0.0006977568405582444,1000,0.0004539409547878554,arXiv:2212.09900 Figure 4 vector PDF
Uniform,5000,pess_0.1,0.0312705029950627,0.0006919940601372123,1000,0.0004539409547878554,arXiv:2212.09900 Figure 4 vector PDF
Uniform,10000,pess_0.1,0.030082454175483383,0.000687560986257993,1000,0.0004539409547878554,arXiv:2212.09900 Figure 4 vector PDF
Uniform,20000,pess_0.1,0.030681797865381246,0.0006990868875557725,1000,0.0004539409547878554,arXiv:2212.09900 Figure 4 vector PDF
Uniform,100,pess_0.2,0.03129887430473694,0.0006933238801642636,1000,0.0004539409547878554,arXiv:2212.09900 Figure 4 vector PDF
Uniform,500,pess_0.2,0.03177054710110072,0.0006880042596003434,1000,0.0004539409547878554,arXiv:2212.09900 Figure 4 vector PDF
Uniform,1000,pess_0.2,0.030740314032040084,0.0006990867740705341,1000,0.0004539409547878554,arXiv:2212.09900 Figure 4 vector PDF
Uniform,2000,pess_0.2,0.029649791702951206,0.0006977569540434829,1000,0.0004539409547878554,arXiv:2212.09900 Figure 4 vector PDF
Uniform,5000,pess_0.2,0.03112155316533198,0.0006924373334795627,1000,0.0004539409547878554,arXiv:2212.09900 Figure 4 vector PDF
Uniform,10000,pess_0.2,0.030222537630485186,0.0006866743260880537,1000,0.0004539409547878554,arXiv:2212.09900 Figure 4 vector PDF
Uniform,20000,pess_0.2,0.03063037498008192,0.0006990867740705341,1000,0.0004539409547878554,arXiv:2212.09900 Figure 4 vector PDF
Uniform,100,pess_0.5,0.030999202005847055,0.0006933238801642636,1000,0.0004539409547878554,arXiv:2212.09900 Figure 4 vector PDF
Uniform,500,pess_0.5,0.03191063055610252,0.0006888909197702826,1000,0.0004539409547878554,arXiv:2212.09900 Figure 4 vector PDF
Uniform,1000,pess_0.5,0.030889263407829846,0.0006990867740705341,1000,0.0004539409547878554,arXiv:2212.09900 Figure 4 vector PDF
Uniform,2000,pess_0.5,0.029692348667462568,0.0006977568405582444,1000,0.0004539409547878554,arXiv:2212.09900 Figure 4 vector PDF
Uniform,5000,pess_0.5,0.03073144811125212,0.0006924373334795627,1000,0.0004539409547878554,arXiv:2212.09900 Figure 4 vector PDF
Uniform,10000,pess_0.5,0.030249135846790023,0.000687560986257993,1000,0.0004539409547878554,arXiv:2212.09900 Figure 4 vector PDF
Uniform,20000,pess_0.5,0.030813015399595085,0.0006982002273858333,1000,0.0004539409547878554,arXiv:2212.09900 Figure 4 vector PDF
Uniform,100,pess_1,0.03172976322995876,0.0006924373334795627,1000,0.0004539409547878554,arXiv:2212.09900 Figure 4 vector PDF
Uniform,500,pess_1,0.03162159772531095,0.000687560986257993,1000,0.0004539409547878554,arXiv:2212.09900 Figure 4 vector PDF
Uniform,1000,pess_1,0.030681797865381246,0.0006990868875557725,1000,0.0004539409547878554,arXiv:2212.09900 Figure 4 vector PDF
Uniform,2000,pess_1,0.02941040866408956,0.0006977568405582444,1000,0.0004539409547878554,arXiv:2212.09900 Figure 4 vector PDF
Uniform,5000,pess_1,0.03067115885122388,0.0006919939466519738,1000,0.0004539409547878554,arXiv:2212.09900 Figure 4 vector PDF
Uniform,10000,pess_1,0.03025977486094739,0.000687560986257993,1000,0.0004539409547878554,arXiv:2212.09900 Figure 4 vector PDF
Uniform,20000,pess_1,0.030921180904242892,0.0006977569540434829,1000,0.0004539409547878554,arXiv:2212.09900 Figure 4 vector PDF
Uniform,100,pess_2,0.032343293028634694,0.0006933238801642636,1000,0.0004539409547878554,arXiv:2212.09900 Figure 4 vector PDF
Uniform,500,pess_2,0.031403493168704985,0.0006888908062850442,1000,0.0004539409547878554,arXiv:2212.09900 Figure 4 vector PDF
Uniform,1000,pess_2,0.031048851797776975,0.0006990867740705341,1000,0.0004539409547878554,arXiv:2212.09900 Figure 4 vector PDF
Uniform,2000,pess_2,0.030681797865381246,0.0006982002273858333,1000,0.0004539409547878554,arXiv:2212.09900 Figure 4 vector PDF
Uniform,5000,pess_2,0.03132192588036202,0.0006919939466519738,1000,0.0004539409547878554,arXiv:2212.09900 Figure 4 vector PDF
Uniform,10000,pess_2,0.03082188132038305,0.0006880042596003434,1000,0.0004539409547878554,arXiv:2212.09900 Figure 4 vector PDF
Uniform,20000,pess_2,0.03055767361252692,0.0006977568405582444,1000,0.0004539409547878554,arXiv:2212.09900 Figure 4 vector PDF
Uniform,100,pess_5,0.0329692349348374,0.0006933238801642636,1000,0.0004539409547878554,arXiv:2212.09900 Figure 4 vector PDF
Uniform,500,pess_5,0.03330082473014033,0.0006888908062850442,1000,0.0004539409547878554,arXiv:2212.09900 Figure 4 vector PDF
Uniform,1000,pess_5,0.03176168118031276,0.0006990867740705341,1000,0.0004539409547878554,arXiv:2212.09900 Figure 4 vector PDF
Uniform,2000,pess_5,0.03193013549104785,0.0006977569540434829,1000,0.0004539409547878554,arXiv:2212.09900 Figure 4 vector PDF
Uniform,5000,pess_5,0.03151165912729375,0.0006924373334795627,1000,0.0004539409547878554,arXiv:2212.09900 Figure 4 vector PDF
Uniform,10000,pess_5,0.031249224058866064,0.0006866743260880537,1000,0.0004539409547878554,arXiv:2212.09900 Figure 4 vector PDF
Uniform,20000,pess_5,0.030880397033100932,0.0006990867740705341,1000,0.0004539409547878554,arXiv:2212.09900 Figure 4 vector PDF
Uniform,100,pess_10,0.03350828981864798,0.0006933238801642636,1000,0.0004539409547878554,arXiv:2212.09900 Figure 4 vector PDF
Uniform,500,pess_10,0.03395868413275608,0.0006888909197702826,1000,0.0004539409547878554,arXiv:2212.09900 Figure 4 vector PDF
Uniform,1000,pess_10,0.033041936302392404,0.0006990867740705341,1000,0.0004539409547878554,arXiv:2212.09900 Figure 4 vector PDF
Uniform,2000,pess_10,0.03262877921874651,0.0006977569540434829,1000,0.0004539409547878554,arXiv:2212.09900 Figure 4 vector PDF
Uniform,5000,pess_10,0.031671247517240875,0.0006919939466519738,1000,0.0004539409547878554,arXiv:2212.09900 Figure 4 vector PDF
Uniform,10000,pess_10,0.031651742128354594,0.0006875608727727545,1000,0.0004539409547878554,arXiv:2212.09900 Figure 4 vector PDF
Uniform,20000,pess_10,0.031031119956201052,0.0006990868875557725,1000,0.0004539409547878554,arXiv:2212.09900 Figure 4 vector PDF
